"","x"
"1","ITLN1"
"2","LCAT"
"3","CNIH"
"4","HCG4"
"5","NUDT13"
"6","NEDD4"
"7","HAS2-AS1"
"8","RASIP1"
"9","TUG1"
"10","C2orf55"
"11","ACTR5"
"12","SGSH"
"13","CCND2"
"14","FCHO2"
"15","QRICH1"
"16","FBXW7"
"17","OR7E5P"
"18","COL7A1"
"19","ZNF343"
"20","CALCR"
"21","TMEM132A"
"22","ABCD4"
"23","THG1L"
"24","C16orf72"
"25","KCNN4"
"26","GOLGA1"
"27","AKD1"
"28","MRS2P2"
"29","KIAA1383"
"30","PSMB5"
"31","RNF123"
"32","FGFBP3"
"33","IDH3B"
"34","UCKL1"
"35","PCSK1"
"36","EDN2"
"37","FZD6"
"38","MEGF6"
"39","BANP"
"40","ODZ1"
"41","PRICKLE1"
"42","TMOD4"
"43","UTP23"
"44","1/2-SBSRNA4"
"45","GAMT"
"46","DAP3"
"47","NNAT"
"48","POT1"
"49","ZNF84"
"50","SCAF1"
"51","SAMD3"
"52","PWP2"
"53","GRK6"
"54","PDE9A"
"55","SLC22A18"
"56","USP4"
"57","FASTKD3"
"58","ZNF543"
"59","PPP6R3"
"60","HRC"
"61","RNF122"
"62","SEPT2"
"63","NAPEPLD"
"64","CYP4F12"
"65","PRSS36"
"66","RAB3IP"
"67","SLN"
"68","LOC100128640"
"69","GSTM2"
"70","GPR113"
"71","RABL3"
"72","PPP1R1C"
"73","TEAD4"
"74","PRR5"
"75","NYNRIN"
"76","TMSB4Y"
"77","MIR31HG"
"78","DNAJC8"
"79","CDK5RAP3"
"80","SAA1"
"81","ZMPSTE24"
"82","TSN"
"83","VDAC3"
"84","CDK5RAP1"
"85","UCK2"
"86","GEMIN8"
"87","PHF11"
"88","EIF2AK3"
"89","PHKA1"
"90","SLC4A2"
"91","XPO7"
"92","MAP4K2"
"93","ANKRD34B"
"94","DHRS4L2"
"95","NAA11"
"96","AGXT2L2"
"97","ABCB6"
"98","PLEC"
"99","RTN3"
"100","SLC25A14"
"101","MMP10"
"102","MLST8"
"103","MTMR9LP"
"104","HSF5"
"105","ITGA3"
"106","INHBA"
"107","KIF4A"
"108","MFAP3"
"109","GALM"
"110","ENPP5"
"111","COL6A4P2"
"112","PTCHD4"
"113","IVNS1ABP"
"114","MEF2B"
"115","DYM"
"116","TMEM182"
"117","NANOS3"
"118","DFFA"
"119","LPCAT3"
"120","ARHGAP12"
"121","IL17RB"
"122","SUB1"
"123","HIGD2A"
"124","EPHA4"
"125","SFR1"
"126","ZNF564"
"127","DDX54"
"128","C5orf30"
"129","PPFIA1"
"130","ZNF443"
"131","PARP15"
"132","C19orf77"
"133","TBPL1"
"134","RAD1"
"135","BEAN1"
"136","ZNF8"
"137","KIAA0319L"
"138","SNX3"
"139","PHF7"
"140","IYD"
"141","CXXC11"
"142","LOC100302650"
"143","AP1B1"
"144","RPL12"
"145","SLC6A17"
"146","ALPL"
"147","RPL3L"
"148","TMEM65"
"149","SIGLEC8"
"150","VCP"
"151","NCBP1"
"152","SERPINA9"
"153","DEPDC7"
"154","WDR85"
"155","PPP1R10"
"156","ANO1"
"157","RHOT2"
"158","MORF4L2"
"159","IFIT2"
"160","TFF1"
"161","SCGB1B2P"
"162","FAM131B"
"163","COMMD8"
"164","SLC22A1"
"165","LTN1"
"166","PTPRVP"
"167","CUTC"
"168","RARG"
"169","NODAL"
"170","MUDENG"
"171","RPL30"
"172","PURB"
"173","LOC100130855"
"174","ECEL1P2"
"175","SCAMP5"
"176","RAB33B"
"177","LOC100652846"
"178","CCDC134"
"179","MPO"
"180","DERL2"
"181","SBNO1"
"182","SRMS"
"183","MLF1IP"
"184","TMEM33"
"185","AVPR2"
"186","ASF1A"
"187","HOXB2"
"188","DCUN1D5"
"189","FLJ39639"
"190","TTC8"
"191","LMTK2"
"192","NENF"
"193","NEK3"
"194","SNRNP40"
"195","PEG3"
"196","ZNF609"
"197","SCAPER"
"198","B3GNT2"
"199","RHBDD1"
"200","ERLIN1"
"201","MTMR14"
"202","KDM4B"
"203","MSRA"
"204","NPR3"
"205","PRPF38B"
"206","FAM214B"
"207","SMO"
"208","PRIM2"
"209","NUMBL"
"210","GNB3"
"211","MYL12A"
"212","PRMT7"
"213","AMY2B"
"214","PPP1R27"
"215","RNF10"
"216","NAA16"
"217","ANKMY2"
"218","TNFRSF13C"
"219","LRRC37A4"
"220","FSCN2"
"221","HECW2"
"222","MGC3771"
"223","NSRP1"
"224","LOC146336"
"225","PIDD"
"226","WRAP53"
"227","KRT16P2"
"228","KCNMB2"
"229","BEX1"
"230","SLFN13"
"231","BEND7"
"232","RPL26L1"
"233","METTL10"
"234","BHLHE22"
"235","MTMR8"
"236","MAP3K15"
"237","LOC100190938"
"238","CAPN5"
"239","ATIC"
"240","EXOSC8"
"241","GBP3"
"242","SETD5"
"243","FLJ42289"
"244","EIF4G3"
"245","METTL8"
"246","NUDT17"
"247","ZNF879"
"248","SNX16"
"249","RAB4A"
"250","IL1RAPL1"
"251","TNRC6B"
"252","CHST13"
"253","LOC100652739"
"254","PRR7"
"255","FAM104B"
"256","ZNF252"
"257","BBS9"
"258","BRD2"
"259","IFT80"
"260","ZNF747"
"261","DEPDC1B"
"262","EML5"
"263","TPO"
"264","SLC22A11"
"265","WDR6"
"266","RINL"
"267","TOR3A"
"268","PPIL3"
"269","LIN7A"
"270","ATG2A"
"271","TXLNA"
"272","PCGF6"
"273","LOC100507331"
"274","C5orf46"
"275","DMRT3"
"276","LOC96610"
"277","FAM123C"
"278","HUS1"
"279","DAG1"
"280","SNX31"
"281","BID"
"282","COPS5"
"283","ACSM5"
"284","CALM3"
"285","C10orf108"
"286","ZCWPW1"
"287","KLHL7"
"288","POLR2I"
"289","POLA2"
"290","HCG11"
"291","CNR2"
"292","ZBTB17"
"293","FNTB"
"294","C9orf64"
"295","SYDE2"
"296","ADIPOR2"
"297","HINT2"
"298","SERPINE1"
"299","WDR1"
"300","BATF2"
"301","CFI"
"302","GNA11"
"303","ABHD16A"
"304","MAP2K6"
"305","MORN2"
"306","METAP2"
"307","TMEM116"
"308","ZNF300P1"
"309","KMO"
"310","KLB"
"311","MYPOP"
"312","MAN1A2"
"313","HNRNPR"
"314","ZDHHC20"
"315","KCNK12"
"316","ANKRD54"
"317","LINC00162"
"318","SRRD"
"319","LANCL2"
"320","TPX2"
"321","ZNF587B"
"322","CAMKK1"
"323","LINC00239"
"324","MSI2"
"325","TRIM9"
"326","EEF1B2"
"327","TSPAN12"
"328","NCF2"
"329","LOC283663"
"330","PCSK7"
"331","SEC23B"
"332","OXA1L"
"333","DCLRE1A"
"334","ARHGAP11B"
"335","HOXA7"
"336","IQGAP1"
"337","MPDU1"
"338","CMTM8"
"339","PCDHB19P"
"340","LINC00476"
"341","RTN4RL2"
"342","GTF2H4"
"343","AGBL5"
"344","CUL4A"
"345","TRIM25"
"346","HNRPDL"
"347","MLLT4"
"348","RNF6"
"349","UNC13C"
"350","ERCC4"
"351","SHD"
"352","HIF1AN"
"353","IFI27L2"
"354","USP16"
"355","METTL13"
"356","TBP"
"357","RASGRF1"
"358","NECAP1"
"359","RBM14"
"360","NEU4"
"361","XPO1"
"362","POP4"
"363","FANCG"
"364","SCLY"
"365","CGGBP1"
"366","PPP5C"
"367","ARSJ"
"368","COMMD1"
"369","UNC45B"
"370","SMAD2"
"371","TAF7L"
"372","CN5H6.4"
"373","USP24"
"374","MRPS2"
"375","C9orf37"
"376","GALNT9"
"377","KIAA0564"
"378","FKBP6"
"379","PIGQ"
"380","ERAL1"
"381","ABCA11P"
"382","EME2"
"383","NRN1"
"384","CDC23"
"385","LOC100129917"
"386","NR1H3"
"387","JKAMP"
"388","FAM208A"
"389","SPAG16"
"390","KIAA0528"
"391","EXOC3L1"
"392","TMEM8A"
"393","FBXO48"
"394","CDKAL1"
"395","SNAP29"
"396","COL24A1"
"397","WDR89"
"398","TMEM107"
"399","NEK7"
"400","CDH15"
"401","ZNF17"
"402","RRP12"
"403","CHIT1"
"404","ABHD15"
"405","UFSP2"
"406","C2orf54"
"407","TNFRSF12A"
"408","TRIM59"
"409","LRRC26"
"410","LOC80054"
"411","MYZAP"
"412","ZYX"
"413","GPR75"
"414","HCG4B"
"415","FAM185A"
"416","TSNAXIP1"
"417","ZNF764"
"418","DDRGK1"
"419","FLJ16779"
"420","NDUFA9"
"421","MDH1"
"422","MRFAP1L1"
"423","MFSD8"
"424","HPCAL1"
"425","STK36"
"426","C1orf220"
"427","PIK3C2G"
"428","ANLN"
"429","PRKG2"
"430","SNX6"
"431","REXO4"
"432","LOC283177"
"433","UHMK1"
"434","RHPN1"
"435","DMRTA1"
"436","RBM4B"
"437","STT3B"
"438","CDC42EP2"
"439","FAM120AOS"
"440","KHDC1L"
"441","CEP63"
"442","SAT2"
"443","IZUMO4"
"444","C10orf71"
"445","CDR1"
"446","SCARA3"
"447","SQSTM1"
"448","CCDC53"
"449","NOC3L"
"450","SGOL2"
"451","TSSK6"
"452","C20orf29"
"453","PEA15"
"454","PNKP"
"455","DUSP28"
"456","RPL37"
"457","LOC100288911"
"458","TELO2"
"459","PAGE2"
"460","ProSAPiP1"
"461","ACO1"
"462","SLC1A3"
"463","SEPT7"
"464","WNT5A"
"465","ANKRD22"
"466","LOC100288181"
"467","MIIP"
"468","TRPS1"
"469","CD151"
"470","PRDX4"
"471","C20orf43"
"472","TTPAL"
"473","EMX2"
"474","KRT8"
"475","ABCC11"
"476","NPHP3"
"477","LMF2"
"478","ZNF578"
"479","GPM6A"
"480","PPFIBP1"
"481","TROAP"
"482","RLTPR"
"483","TPGS1"
"484","POU5F1P3"
"485","SLC35A5"
"486","ZNF138"
"487","AGAP6"
"488","TTLL11"
"489","RNFT1"
"490","USP7"
"491","NAA40"
"492","KRT19"
"493","RPL27"
"494","CASP12"
"495","TGFB1"
"496","SKA1"
"497","LOC100506963"
"498","NARF"
"499","PRPF19"
"500","SPIN4"
"501","RNF146"
"502","LUZP2"
"503","GUSBP2"
"504","ACTR1A"
"505","LOC100129550"
"506","PCDHB4"
"507","WDR36"
"508","N6AMT2"
"509","GDNF"
"510","DGKB"
"511","C17orf53"
"512","AADAT"
"513","CNNM2"
"514","LOC391322"
"515","MT1M"
"516","NCOA2"
"517","METTL14"
"518","CRCP"
"519","AKT2"
"520","SPATA18"
"521","PSMC6"
"522","APOL2"
"523","GPR143"
"524","PSMA3"
"525","PDE4C"
"526","MYL2"
"527","LOC100506686"
"528","GUSBP11"
"529","LOC254099"
"530","ALDH7A1"
"531","SAP18"
"532","ZMAT5"
"533","PCCA"
"534","TLX1"
"535","C15orf37"
"536","TARBP2"
"537","TSPAN3"
"538","MTHFS"
"539","MSLNL"
"540","GPRIN2"
"541","CXXC1"
"542","YEATS4"
"543","SPOCK3"
"544","ZNF528"
"545","HTR7"
"546","LOC339524"
"547","CCDC36"
"548","SIGLEC1"
"549","ARAF"
"550","PET112"
"551","GNL1"
"552","SMTN"
"553","TRIM27"
"554","ZNF425"
"555","SLC35D2"
"556","TSPYL1"
"557","C6orf115"
"558","AQP7P3"
"559","DKFZP686I15217"
"560","C9orf117"
"561","ZNF107"
"562","PCDHGA6"
"563","C22orf43"
"564","ARRDC3"
"565","WDR43"
"566","SGK196"
"567","CHKB-CPT1B"
"568","RBBP6"
"569","SPC24"
"570","OAS2"
"571","TTC24"
"572","LOC441455"
"573","C12orf52"
"574","GSTA1"
"575","TREML1"
"576","LOC553103"
"577","MUC13"
"578","KLK2"
"579","PTK7"
"580","KIF20A"
"581","RPL22"
"582","TPMT"
"583","CYP2A7"
"584","FBXO39"
"585","PPME1"
"586","KRT40"
"587","PCSK9"
"588","UBTD2"
"589","PPT1"
"590","CAB39"
"591","PMS2P4"
"592","PMS2P5"
"593","GTSF1L"
"594","PIP"
"595","GADD45B"
"596","SH3BP5L"
"597","OVCH2"
"598","TLR3"
"599","CXXC5"
"600","FLJ27352"
"601","DNAJB6"
"602","TTC23"
"603","TMEM170B"
"604","RAD51AP1"
"605","THPO"
"606","MAGEA10"
"607","CST4"
"608","ARHGEF38"
"609","ITSN2"
"610","GJB4"
"611","TFB1M"
"612","CP"
"613","SWAP70"
"614","LOC100506385"
"615","LOC728978"
"616","DUSP3"
"617","VANGL1"
"618","SPIN2B"
"619","PITX3"
"620","LIPA"
"621","KIAA0141"
"622","CCL26"
"623","NUCB1"
"624","FAM86FP"
"625","USP38"
"626","DIS3"
"627","ZNF512B"
"628","XRCC6BP1"
"629","BSCL2"
"630","PPP1R12C"
"631","PCNT"
"632","U2AF2"
"633","LRCH3"
"634","XKR6"
"635","LOC147646"
"636","STRN4"
"637","CCDC34"
"638","FTO"
"639","KCNE3"
"640","PIR"
"641","TMEM125"
"642","SMC4"
"643","RASSF3"
"644","STMN2"
"645","HHATL"
"646","COPG2"
"647","C16orf90"
"648","SH2D3A"
"649","SOCS6"
"650","GREB1L"
"651","HBE1"
"652","LHX2"
"653","SKOR1"
"654","RPS25"
"655","PDIA3"
"656","NUDC"
"657","C19orf60"
"658","MAFG"
"659","LOC730227"
"660","ZW10"
"661","C3orf17"
"662","LEMD1"
"663","LRRN3"
"664","MED12L"
"665","ZDBF2"
"666","PDCL"
"667","TIAF1"
"668","FBXO6"
"669","PAAF1"
"670","FCER2"
"671","PPM1H"
"672","TMEM179B"
"673","PELI3"
"674","RIMS1"
"675","CCL22"
"676","CNOT4"
"677","RAB6B"
"678","KIR3DL2"
"679","ATL1"
"680","PPP3CA"
"681","MAPK1IP1L"
"682","LHFPL1"
"683","ATP6V0E2"
"684","CCDC136"
"685","ACSM1"
"686","ZNF83"
"687","PCDHB16"
"688","RBM18"
"689","DNASE2"
"690","SOCS7"
"691","TMF1"
"692","LRIF1"
"693","DGCR14"
"694","PIGH"
"695","LOC145783"
"696","NSUN6"
"697","EGR1"
"698","FAM127B"
"699","SERPINA3"
"700","RASL11A"
"701","PCLO"
"702","FBXO32"
"703","XRCC6"
"704","EIF4E2"
"705","RPS27A"
"706","CCL27"
"707","SEMG2"
"708","EDIL3"
"709","ZNF761"
"710","MYOT"
"711","ODF3B"
"712","MSH5-SAPCD1"
"713","FLJ37035"
"714","ITIH4"
"715","GLT25D1"
"716","LRRC37A3"
"717","HELQ"
"718","MPND"
"719","WHAMMP2"
"720","FDPSL2A"
"721","TECPR1"
"722","TMEM71"
"723","EIF3B"
"724","MAGEL2"
"725","DMRT1"
"726","IDH2"
"727","LARP4"
"728","ARHGEF1"
"729","CXCL5"
"730","UBA7"
"731","ZNF345"
"732","ZNF395"
"733","KAT5"
"734","CDC73"
"735","GAK"
"736","EPB41L3"
"737","MYO18A"
"738","NCF1B"
"739","ZFAND6"
"740","CDHR1"
"741","EIF1AY"
"742","SLC40A1"
"743","TOB2P1"
"744","OBFC1"
"745","NUP62CL"
"746","MLK7-AS1"
"747","NRBP2"
"748","BDH2"
"749","CD276"
"750","ARC"
"751","ST20"
"752","ALYREF"
"753","ADAR"
"754","ODF2"
"755","DUSP2"
"756","ACP5"
"757","DPH3"
"758","SETMAR"
"759","MGC70870"
"760","FOPNL"
"761","GOLGA2P5"
"762","SPRY2"
"763","OGFOD2"
"764","SF3B1"
"765","BIRC5"
"766","NUDT16L1"
"767","SPHK2"
"768","MGC39584"
"769","GMCL1"
"770","GNB1"
"771","LOC100288615"
"772","MESP1"
"773","UCK1"
"774","WSB1"
"775","C3orf80"
"776","TMEM14C"
"777","PTPRS"
"778","FER1L4"
"779","LUC7L2"
"780","FUBP3"
"781","PLEKHA8P1"
"782","FZD5"
"783","HSCB"
"784","TAMM41"
"785","THAP10"
"786","CENPE"
"787","NEUROD2"
"788","SMG1"
"789","SFPQ"
"790","LOC100130000"
"791","C4orf29"
"792","PTPRK"
"793","TTC9C"
"794","PRKY"
"795","GPR89B"
"796","LOC144481"
"797","KDM5D"
"798","UBE2D1"
"799","C9orf89"
"800","LINC00478"
"801","EAF2"
"802","ARPM1"
"803","CKMT2"
"804","CNTNAP3B"
"805","C14orf102"
"806","TEKT5"
"807","LOR"
"808","PCDHA6"
"809","HNRNPU"
"810","IPO13"
"811","IFI44L"
"812","LOC100129361"
"813","PPP1CC"
"814","TRIML2"
"815","WFDC3"
"816","CHEK2P2"
"817","BMP4"
"818","GRM2"
"819","PYCR2"
"820","S1PR4"
"821","LOC729683"
"822","IFT140"
"823","PPIH"
"824","GAL3ST2"
"825","NOXRED1"
"826","ADCK3"
"827","KLHL20"
"828","C17orf62"
"829","SKP2"
"830","MEST"
"831","EXD2"
"832","SMC1B"
"833","THRSP"
"834","DCTN3"
"835","FXYD5"
"836","ATG9A"
"837","SCG5"
"838","ASPSCR1"
"839","RRN3"
"840","RPS12"
"841","ALG2"
"842","CPA3"
"843","CENPQ"
"844","HLA-H"
"845","VRK3"
"846","SULT4A1"
"847","KIAA0319"
"848","TCF19"
"849","ALDH9A1"
"850","RECQL5"
"851","STAG3L4"
"852","SCN3A"
"853","ELAVL2"
"854","EFCAB1"
"855","PRINS"
"856","PCDHGA8"
"857","MTERFD2"
"858","MALT1"
"859","TSC1"
"860","PREP"
"861","E2F1"
"862","RGPD1"
"863","PSPH"
"864","LOC100506178"
"865","ABHD8"
"866","RPS8"
"867","PDIA5"
"868","ALK"
"869","RARS2"
"870","SAGE1"
"871","GLE1"
"872","LRWD1"
"873","IFNE"
"874","LOC387646"
"875","CACNG6"
"876","BMPR1B"
"877","CYP26C1"
"878","PSTK"
"879","DYNC1H1"
"880","CDH24"
"881","EPHX1"
"882","CEP250"
"883","SARS2"
"884","METTL2B"
"885","TMEM63B"
"886","CR1"
"887","ZFAND5"
"888","SRGAP2"
"889","KRT20"
"890","SIDT1"
"891","DNAJC25"
"892","C1orf51"
"893","LTV1"
"894","SF3B5"
"895","CD69"
"896","LOC100506649"
"897","TUBB"
"898","PPA1"
"899","SSTR1"
"900","MYLPF"
"901","MST1R"
"902","ADCY3"
"903","LINC00324"
"904","IFT172"
"905","SHISA4"
"906","SLC35E3"
"907","JUNB"
"908","RPL11"
"909","KIAA2026"
"910","SUMF2"
"911","ALKBH5"
"912","DDX41"
"913","LOC201651"
"914","LRRC37A2"
"915","PAM"
"916","NUDT14"
"917","MTCP1"
"918","UBA5"
"919","WBP5"
"920","TBL2"
"921","NME2"
"922","PARS2"
"923","FCRLB"
"924","AASS"
"925","DOLK"
"926","SON"
"927","FADS2"
"928","SRCRB4D"
"929","ALG1L2"
"930","TEP1"
"931","LOC145474"
"932","CEBPA"
"933","RIMS2"
"934","MAN2C1"
"935","CPA2"
"936","MNX1"
"937","PYY2"
"938","ZNF446"
"939","LPPR5"
"940","EAPP"
"941","TRIM26"
"942","B3GALT5"
"943","TSIX"
"944","DDX21"
"945","ANKRD34C"
"946","NRIP1"
"947","PAF1"
"948","RAB24"
"949","AGAP8"
"950","ESCO2"
"951","HOXD13"
"952","C8orf47"
"953","LIN9"
"954","SNHG8"
"955","ALG11"
"956","LRRC8B"
"957","LDLRAP1"
"958","INTS4"
"959","KCNIP4"
"960","LCE1B"
"961","PCDHA7"
"962","PRIMA1"
"963","LOC100507634"
"964","CCK"
"965","MRPL44"
"966","TEX29"
"967","EIF2B3"
"968","RHOB"
"969","TCL1A"
"970","INHBB"
"971","NGDN"
"972","PTK2B"
"973","LINC00488"
"974","FIBCD1"
"975","FOXM1"
"976","MLKL"
"977","SAC3D1"
"978","AIF1L"
"979","DEK"
"980","SULT1A2"
"981","ACOX1"
"982","MMS19"
"983","PEF1"
"984","VARS2"
"985","SMG7"
"986","BIN3"
"987","CPNE1"
"988","PLCE1"
"989","MRPS31"
"990","UBE2L6"
"991","MYLK4"
"992","PPM1M"
"993","HAPLN2"
"994","KRT9"
"995","ADI1"
"996","SSC5D"
"997","MAPK8IP3"
"998","PHC3"
"999","PTH1R"
"1000","CIAO1"
"1001","ARL8A"
"1002","RSAD2"
"1003","LOC645166"
"1004","RPS20"
"1005","TATDN1"
"1006","C11orf35"
"1007","ZFYVE16"
"1008","FAM102B"
"1009","LOC554206"
"1010","MLLT10"
"1011","SPG20"
"1012","SSSCA1"
"1013","LINC00313"
"1014","ADAM28"
"1015","TTC9B"
"1016","TGDS"
"1017","MKKS"
"1018","ZNF80"
"1019","NCOA6"
"1020","ARNT"
"1021","HNRNPA1"
"1022","ATP6AP1L"
"1023","ROBO3"
"1024","VASN"
"1025","TULP2"
"1026","ATP13A2"
"1027","HCG23"
"1028","TNNT1"
"1029","RILP"
"1030","C18orf32"
"1031","ZNF816"
"1032","PLEKHF2"
"1033","SLC7A6"
"1034","INSL3"
"1035","ARID3B"
"1036","LOC100292680"
"1037","TAX1BP1"
"1038","C12orf60"
"1039","CKM"
"1040","SMG5"
"1041","RFX1"
"1042","COX14"
"1043","FARS2"
"1044","ERV3-1"
"1045","MCART1"
"1046","CDK2"
"1047","ISM1"
"1048","MAGEA11"
"1049","HAMP"
"1050","RWDD1"
"1051","IGF2BP3"
"1052","C14orf43"
"1053","FHL3"
"1054","PPAP2C"
"1055","ANGPTL6"
"1056","TTC4"
"1057","TTC27"
"1058","CRAMP1L"
"1059","TBCE"
"1060","LOC100268168"
"1061","ROPN1B"
"1062","STX16-NPEPL1"
"1063","DRG1"
"1064","MT1A"
"1065","AKR1C4"
"1066","LOC100132247"
"1067","C12orf47"
"1068","CSNK2A1"
"1069","CAPZA2"
"1070","ANKIB1"
"1071","UROD"
"1072","WWTR1"
"1073","SLC30A3"
"1074","FYCO1"
"1075","TBCB"
"1076","ANKRD27"
"1077","TRIM33"
"1078","LOC554223"
"1079","AMZ2"
"1080","PTPMT1"
"1081","MTA1"
"1082","RPL5"
"1083","RMND1"
"1084","ZNF573"
"1085","TOX4"
"1086","MAPKAPK2"
"1087","TAF5"
"1088","WRAP73"
"1089","VEGFB"
"1090","CASP3"
"1091","LOC148189"
"1092","UBXN10"
"1093","STAU1"
"1094","SLC39A11"
"1095","MNAT1"
"1096","GLB1L2"
"1097","ZSCAN4"
"1098","TRIM39"
"1099","VAX1"
"1100","RPL26"
"1101","FRMPD4"
"1102","MAPT"
"1103","MRPL1"
"1104","FAM108A1"
"1105","TUBG2"
"1106","UCN2"
"1107","LOC100128590"
"1108","COMMD10"
"1109","MYO7B"
"1110","TSR2"
"1111","RTP1"
"1112","SMARCC1"
"1113","RFC5"
"1114","RPS6KA4"
"1115","SDCBP"
"1116","SNHG5"
"1117","PRPF40B"
"1118","MS4A2"
"1119","LOC646471"
"1120","MYH7B"
"1121","HMGN2"
"1122","RTN4R"
"1123","ITGB1BP2"
"1124","AGK"
"1125","LOC100507250"
"1126","LOC100507217"
"1127","HIC2"
"1128","MAGOHB"
"1129","TIMM50"
"1130","C11orf67"
"1131","FAIM"
"1132","DUT"
"1133","PEX2"
"1134","AUH"
"1135","HSPA5"
"1136","INTS10"
"1137","MRPS27"
"1138","POLR2L"
"1139","SALL1"
"1140","GNB5"
"1141","DIO2"
"1142","LZTFL1"
"1143","NDFIP1"
"1144","RAB35"
"1145","ANXA4"
"1146","CNST"
"1147","PDK1"
"1148","PPP2R1A"
"1149","THOC6"
"1150","C1QTNF9"
"1151","ENDOD1"
"1152","SNHG7"
"1153","MPHOSPH8"
"1154","HPCA"
"1155","SCNN1B"
"1156","CYP4X1"
"1157","SHANK1"
"1158","LOC619207"
"1159","PPP2R5B"
"1160","MARCH7"
"1161","SLC39A8"
"1162","SOX7"
"1163","ABCC9"
"1164","RNF141"
"1165","GBP5"
"1166","DDIT4"
"1167","LAMTOR1"
"1168","PPP1R13B"
"1169","SLC25A40"
"1170","IRX3"
"1171","PSPC1"
"1172","DEF6"
"1173","DNAJB5"
"1174","SHKBP1"
"1175","TTF2"
"1176","CRIP1"
"1177","ARHGAP1"
"1178","SIN3A"
"1179","CTU2"
"1180","TNFSF13"
"1181","ALAD"
"1182","UBE2Q2P1"
"1183","SLC38A4"
"1184","DPYD"
"1185","MLLT10P1"
"1186","LINC00264"
"1187","TRIM67"
"1188","ALDH3A1"
"1189","AASDH"
"1190","ARFGAP1"
"1191","ASB13"
"1192","COPZ1"
"1193","ABCC8"
"1194","MFI2"
"1195","PCMTD2"
"1196","TTF1"
"1197","HOXD3"
"1198","CNGB3"
"1199","LRRC58"
"1200","MMS22L"
"1201","CCL3"
"1202","CAPN12"
"1203","KCNJ11"
"1204","SSR3"
"1205","PDXDC2P"
"1206","RFNG"
"1207","TTC32"
"1208","NOMO3"
"1209","MUL1"
"1210","FTSJ1"
"1211","SEMA3A"
"1212","IFI27L1"
"1213","FGFR1OP"
"1214","FLJ45513"
"1215","TNFSF10"
"1216","RPSAP9"
"1217","PRPSAP1"
"1218","IGJ"
"1219","CHFR"
"1220","AKIP1"
"1221","TLX3"
"1222","RPS6KA2"
"1223","DCAF11"
"1224","BCAR3"
"1225","WDR75"
"1226","AGFG1"
"1227","C1orf204"
"1228","DBP"
"1229","LOC100631378"
"1230","PSMD10"
"1231","F8A1"
"1232","RHOBTB3"
"1233","PRKACA"
"1234","LOC100507588"
"1235","GPC2"
"1236","GDF6"
"1237","IGSF8"
"1238","SLC33A1"
"1239","KIAA0195"
"1240","GAL"
"1241","ZNF589"
"1242","LINC00536"
"1243","KDM5C"
"1244","TGFBR1"
"1245","DCDC1"
"1246","DHFRL1"
"1247","FBXO41"
"1248","PHOSPHO2"
"1249","H2AFY"
"1250","DPY19L4"
"1251","PTRHD1"
"1252","EIF4H"
"1253","MPST"
"1254","ARFIP1"
"1255","TMEM237"
"1256","DND1"
"1257","CYP2E1"
"1258","ELOVL4"
"1259","SPATA16"
"1260","POLR2K"
"1261","AICDA"
"1262","DIRC1"
"1263","CES1"
"1264","SPTBN1"
"1265","AP4E1"
"1266","LOC100144604"
"1267","MFI2-AS1"
"1268","ZBTB32"
"1269","AGPAT1"
"1270","NISCH"
"1271","ZNF780A"
"1272","TBC1D14"
"1273","LOC644961"
"1274","MARK1"
"1275","ENO4"
"1276","C7orf10"
"1277","REM2"
"1278","GFRA3"
"1279","RCC2"
"1280","SLC35E4"
"1281","ARRDC5"
"1282","FCRL1"
"1283","ANKZF1"
"1284","HIST3H2A"
"1285","GLYR1"
"1286","DISC1"
"1287","BRD4"
"1288","NEIL3"
"1289","DNAJC15"
"1290","CECR5"
"1291","CCT2"
"1292","CRYZL1"
"1293","ERI3"
"1294","RBM7"
"1295","FAM102A"
"1296","AQP5"
"1297","EID3"
"1298","ABCF1"
"1299","TMEM80"
"1300","MAP2K4"
"1301","ANO2"
"1302","PPP1R9B"
"1303","ZNF7"
"1304","ARHGAP39"
"1305","RAD18"
"1306","C10orf88"
"1307","MAVS"
"1308","CCDC19"
"1309","HNRNPUL1"
"1310","ESR1"
"1311","MAPKAPK5"
"1312","KCND2"
"1313","TCTEX1D2"
"1314","NPPB"
"1315","PNPLA2"
"1316","GNGT1"
"1317","LSM10"
"1318","MAP3K7"
"1319","ARHGDIA"
"1320","SGK494"
"1321","GPR15"
"1322","INTS2"
"1323","SEC31A"
"1324","PTGFRN"
"1325","JMJD8"
"1326","LOC401321"
"1327","KLHDC4"
"1328","ATF1"
"1329","VMA21"
"1330","WDPCP"
"1331","C9orf46"
"1332","PTGDS"
"1333","L3MBTL2"
"1334","CUL1"
"1335","CDC42BPG"
"1336","ATP5B"
"1337","ADAP1"
"1338","SLC25A48"
"1339","PACRGL"
"1340","NKX2-6"
"1341","KIAA1797"
"1342","LOC92249"
"1343","USP32P2"
"1344","XPR1"
"1345","LOC100506895"
"1346","CEACAM16"
"1347","LILRB4"
"1348","ZNF541"
"1349","FAM204A"
"1350","BAALC"
"1351","UBN2"
"1352","FAM111B"
"1353","SLC46A1"
"1354","SETD1A"
"1355","DLX2"
"1356","MGC45922"
"1357","MAPK8IP2"
"1358","C19orf6"
"1359","IMMP2L"
"1360","PMS2CL"
"1361","UNC5CL"
"1362","QSOX1"
"1363","ZNF670"
"1364","PCMT1"
"1365","CEBPD"
"1366","ARHGAP24"
"1367","LOC400027"
"1368","KLRF2"
"1369","B4GALNT3"
"1370","LNPEP"
"1371","PAQR3"
"1372","SLC44A2"
"1373","ZNF433"
"1374","RPL15"
"1375","COX6A2"
"1376","LRRC56"
"1377","RAB3B"
"1378","ELAVL1"
"1379","LCTL"
"1380","PDCD11"
"1381","SLC16A5"
"1382","COMMD3"
"1383","NARS"
"1384","RAD54L2"
"1385","ZNF285"
"1386","FBXO25"
"1387","ACCN2"
"1388","HSPD1"
"1389","STRAP"
"1390","KIAA0895"
"1391","ZNF789"
"1392","ZNF321P"
"1393","RUNDC3A"
"1394","C20orf4"
"1395","NDC80"
"1396","FBXL16"
"1397","BACE2"
"1398","HNRNPAB"
"1399","ARL6"
"1400","HTR2C"
"1401","FAM184A"
"1402","ABLIM2"
"1403","ACP1"
"1404","ACVR1"
"1405","MAFA"
"1406","C6orf62"
"1407","LOC146880"
"1408","TDRD5"
"1409","ORMDL1"
"1410","CAND1"
"1411","EMILIN3"
"1412","SPRN"
"1413","DPP8"
"1414","H1F0"
"1415","CYB561D2"
"1416","DMP1"
"1417","C11orf96"
"1418","SCAF4"
"1419","ATE1"
"1420","USP35"
"1421","C22orf39"
"1422","XPO5"
"1423","DCUN1D4"
"1424","TGM4"
"1425","SARS"
"1426","ZNF493"
"1427","SLC16A2"
"1428","GPM6B"
"1429","NUDCD3"
"1430","ELF2"
"1431","TIGD5"
"1432","PSRC1"
"1433","RPL19"
"1434","SHROOM2"
"1435","C20orf195"
"1436","TOMM20"
"1437","GOLGA7"
"1438","DNASE1L3"
"1439","CNPPD1"
"1440","KCNC3"
"1441","PUS7L"
"1442","PKN2"
"1443","ZNF274"
"1444","MARK4"
"1445","FCN1"
"1446","MAGI1"
"1447","NCAPG"
"1448","LOC100288428"
"1449","CCDC23"
"1450","PDSS2"
"1451","ZDHHC7"
"1452","ITGAX"
"1453","SNHG1"
"1454","FBXO33"
"1455","POLR1A"
"1456","RNASEK-C17ORF49"
"1457","CHRD"
"1458","LOC100288198"
"1459","CYSTM1"
"1460","PELO"
"1461","MT1L"
"1462","FSIP1"
"1463","PSMC3IP"
"1464","POMZP3"
"1465","NXF3"
"1466","FCRL5"
"1467","NPRL3"
"1468","TRIM63"
"1469","SYTL2"
"1470","APOOL"
"1471","LOC400550"
"1472","NOS3"
"1473","CCNDBP1"
"1474","OR7E12P"
"1475","DHX35"
"1476","E2F7"
"1477","IL1RL1"
"1478","NDUFAF4"
"1479","EPCAM"
"1480","TNNI1"
"1481","DNLZ"
"1482","ADPGK"
"1483","PPT2-EGFL8"
"1484","IDUA"
"1485","GRM5"
"1486","ALDH16A1"
"1487","SCO2"
"1488","RFK"
"1489","ANAPC4"
"1490","RPS16P5"
"1491","LOC100505679"
"1492","FLJ14186"
"1493","CALML4"
"1494","NUP188"
"1495","TOP1"
"1496","LOC283788"
"1497","DTX2P1-UPK3BP1-PMS2P11"
"1498","LOC389791"
"1499","PPIEL"
"1500","PIN4"
"1501","MMP24"
"1502","SMYD5"
"1503","CDCA2"
"1504","MDFIC"
"1505","CLDND2"
"1506","LOC401109"
"1507","WNT4"
"1508","NAA25"
"1509","CNPY3"
"1510","HCN3"
"1511","SPDEF"
"1512","MPL"
"1513","HOXC10"
"1514","CASZ1"
"1515","C12orf4"
"1516","TNNC2"
"1517","SPPL3"
"1518","TSC22D4"
"1519","DMBT1"
"1520","YPEL3"
"1521","ARHGAP17"
"1522","LOC100133612"
"1523","LOC100506368"
"1524","LENG1"
"1525","NLRP11"
"1526","CCL18"
"1527","CAMKMT"
"1528","PRRT2"
"1529","SWT1"
"1530","SYNGR3"
"1531","MAMSTR"
"1532","AMIGO2"
"1533","ELK4"
"1534","KIAA0556"
"1535","RTF1"
"1536","C19orf48"
"1537","CCDC42B"
"1538","GOLIM4"
"1539","HOXC11"
"1540","DYRK3"
"1541","ZNF430"
"1542","HIPK1"
"1543","CABLES2"
"1544","SLC12A4"
"1545","TNN"
"1546","CBX6"
"1547","OLA1"
"1548","CLMN"
"1549","PPP6R1"
"1550","FBXL5"
"1551","UNC119"
"1552","DHX15"
"1553","BNIP3L"
"1554","UFL1"
"1555","RALBP1"
"1556","MYF6"
"1557","FNIP2"
"1558","SGK3"
"1559","RPS23"
"1560","RG9MTD2"
"1561","LOC100131193"
"1562","METTL17"
"1563","IGF2-AS1"
"1564","ABCC12"
"1565","UBA2"
"1566","ARMCX5"
"1567","DPEP2"
"1568","CFLAR"
"1569","C4orf26"
"1570","PFKL"
"1571","ASB14"
"1572","TTC13"
"1573","FNIP1"
"1574","TEKT4P2"
"1575","KCNIP2"
"1576","RNF25"
"1577","PLEK2"
"1578","MAP2K2"
"1579","GOLT1B"
"1580","SLCO1B7"
"1581","DOC2GP"
"1582","MED26"
"1583","PMPCB"
"1584","MBNL3"
"1585","NOL10"
"1586","KRAS"
"1587","LOC285441"
"1588","C18orf21"
"1589","LOC100288432"
"1590","LINC00263"
"1591","SENP3-EIF4A1"
"1592","LOC100288637"
"1593","ZNF585B"
"1594","LINC00312"
"1595","DSG2"
"1596","LOC387647"
"1597","SEMA6C"
"1598","CMAS"
"1599","PIGK"
"1600","FCGR3B"
"1601","PCYOX1L"
"1602","TMBIM4"
"1603","RCBTB1"
"1604","IMMP1L"
"1605","PSMA4"
"1606","RNF144B"
"1607","LGR4"
"1608","TOE1"
"1609","MMACHC"
"1610","SSFA2"
"1611","LAMB4"
"1612","EFTUD1"
"1613","CLEC4D"
"1614","BUB1"
"1615","MYL3"
"1616","LRRFIP2"
"1617","TSC22D1-AS1"
"1618","ZNF91"
"1619","CHST1"
"1620","LURAP1"
"1621","HIF1A"
"1622","MSH3"
"1623","TOR1B"
"1624","MGC23284"
"1625","FUS"
"1626","FAM211B"
"1627","IFI6"
"1628","FMR1"
"1629","NCAPH"
"1630","C9orf3"
"1631","DMTF1"
"1632","C20orf152"
"1633","MORC2"
"1634","GOSR1"
"1635","MBOAT1"
"1636","LOC399708"
"1637","BRP44L"
"1638","NR2F1"
"1639","KLHL28"
"1640","C3orf35"
"1641","SNX4"
"1642","NPY5R"
"1643","PLIN4"
"1644","MTIF3"
"1645","ERC2"
"1646","SH3PXD2A"
"1647","DRAP1"
"1648","DNAJC28"
"1649","GSTM3"
"1650","PRRT1"
"1651","PACS2"
"1652","ACE"
"1653","TTK"
"1654","CAD"
"1655","STK11IP"
"1656","ZDHHC22"
"1657","HSD17B7P2"
"1658","RFTN2"
"1659","CLLU1OS"
"1660","CALML6"
"1661","ARNTL"
"1662","RPL36A"
"1663","GTF2H3"
"1664","TMEM105"
"1665","LOC440173"
"1666","SH3D21"
"1667","NUSAP1"
"1668","SALL4"
"1669","GPR180"
"1670","ZNF662"
"1671","HOXD8"
"1672","SLC2A3"
"1673","UNC93B1"
"1674","LONRF3"
"1675","TBR1"
"1676","KCTD18"
"1677","CYP7B1"
"1678","MTHFD1L"
"1679","MS4A4A"
"1680","CDK5"
"1681","STAT6"
"1682","PPP2R2C"
"1683","PRKAG1"
"1684","TDRD7"
"1685","SPRY1"
"1686","TMED1"
"1687","LOC541471"
"1688","IRF7"
"1689","OSBPL9"
"1690","GBP7"
"1691","ATP2A1"
"1692","UGT8"
"1693","ACTBL2"
"1694","SLC9B1"
"1695","TCAP"
"1696","OGDHL"
"1697","ACBD6"
"1698","RBBP4"
"1699","NUDT9"
"1700","C1orf96"
"1701","MUSTN1"
"1702","GDF11"
"1703","RABL2B"
"1704","ABCB11"
"1705","PLA2G15"
"1706","GMPPA"
"1707","ISG15"
"1708","PPBP"
"1709","DDX47"
"1710","GHR"
"1711","LIN52"
"1712","WDR90"
"1713","SPAG9"
"1714","FBXO4"
"1715","SAR1A"
"1716","ATP6V1E1"
"1717","PDE11A"
"1718","LRRC40"
"1719","SHMT2"
"1720","C8orf51"
"1721","LSM14A"
"1722","PEX16"
"1723","CRYBB3"
"1724","HBA2"
"1725","ZNF215"
"1726","DYRK2"
"1727","OOEP"
"1728","LOC283335"
"1729","POFUT2"
"1730","TH"
"1731","CPSF3"
"1732","AARS2"
"1733","S100PBP"
"1734","DDX58"
"1735","NF2"
"1736","KRT18"
"1737","MYO15B"
"1738","ZGPAT"
"1739","PSORS1C1"
"1740","TUBB8"
"1741","RPL31"
"1742","PPIF"
"1743","PHAX"
"1744","COX18"
"1745","OXGR1"
"1746","MCM7"
"1747","HP1BP3"
"1748","LOC100630923"
"1749","SERINC4"
"1750","LINGO2"
"1751","PHTF2"
"1752","C6orf89"
"1753","PCNP"
"1754","MYL4"
"1755","FCGR1C"
"1756","M1"
"1757","SEP15"
"1758","METTL24"
"1759","ZGLP1"
"1760","PCDH7"
"1761","LOC100506054"
"1762","SRCAP"
"1763","CEACAM21"
"1764","RRAGC"
"1765","OGFR"
"1766","ATP13A1"
"1767","PROSER1"
"1768","IKBKAP"
"1769","TSPAN7"
"1770","GTF2F2"
"1771","RAB31"
"1772","LOC654342"
"1773","SPDYE7P"
"1774","TSG101"
"1775","CHCHD3"
"1776","NSUN2"
"1777","N6AMT1"
"1778","EGLN3"
"1779","SLC9A6"
"1780","MRPL18"
"1781","ZNF829"
"1782","ITGB4"
"1783","KIF18B"
"1784","LRRC15"
"1785","NEFL"
"1786","TFIP11"
"1787","AGER"
"1788","SRF"
"1789","ASCC3"
"1790","CARD9"
"1791","TONSL"
"1792","APBB3"
"1793","URI1"
"1794","KRTAP4-1"
"1795","SUV420H1"
"1796","ARMC5"
"1797","SULT1C2"
"1798","LOC100506462"
"1799","LOC158257"
"1800","C20orf72"
"1801","NCAPG2"
"1802","MARS2"
"1803","POMT1"
"1804","ANGEL2"
"1805","TRIM65"
"1806","LOC645212"
"1807","LOC100133669"
"1808","POLR2J2"
"1809","LOC100131564"
"1810","C14orf118"
"1811","C6orf52"
"1812","C9orf93"
"1813","LOC100133315"
"1814","LOC170425"
"1815","OR2B6"
"1816","SPESP1"
"1817","LMCD1"
"1818","ETF1"
"1819","PSMF1"
"1820","HRH1"
"1821","RPS19"
"1822","GTPBP3"
"1823","MRPL45"
"1824","SORCS3"
"1825","PLAC4"
"1826","SPDYE8P"
"1827","OASL"
"1828","IL24"
"1829","C4orf38"
"1830","TMEM53"
"1831","SEMA7A"
"1832","RANGAP1"
"1833","CCDC18"
"1834","PCSK1N"
"1835","AGBL1"
"1836","KRT1"
"1837","C19orf51"
"1838","THAP6"
"1839","ZNF668"
"1840","KDM3A"
"1841","HEATR1"
"1842","SNORA67"
"1843","MTM1"
"1844","CCDC101"
"1845","CLCN7"
"1846","RBM48"
"1847","RNASET2"
"1848","HINT3"
"1849","POLR1B"
"1850","HOXD-AS2"
"1851","DCTN4"
"1852","LOC728228"
"1853","EPM2AIP1"
"1854","SDHD"
"1855","GRAPL"
"1856","CLCNKA"
"1857","IFT20"
"1858","QPCTL"
"1859","FAM183A"
"1860","LOC155060"
"1861","PHEX"
"1862","LINC00319"
"1863","ZMAT3"
"1864","STOML3"
"1865","ZNF485"
"1866","NUDT16P1"
"1867","CENPI"
"1868","FAM200B"
"1869","LILRP2"
"1870","NR3C1"
"1871","KCTD21"
"1872","C5orf39"
"1873","NDUFA3"
"1874","KHK"
"1875","ATP2C1"
"1876","LOC100287722"
"1877","MLH1"
"1878","NVL"
"1879","ZNF143"
"1880","NUPL2"
"1881","GSR"
"1882","RNPEPL1"
"1883","GALNTL2"
"1884","FAM161B"
"1885","ATP1A1"
"1886","LOC100630918"
"1887","INTS1"
"1888","TMEM132D"
"1889","COQ7"
"1890","LRRC14"
"1891","NR1H2"
"1892","JPH3"
"1893","CDCA3"
"1894","IARS"
"1895","LOC401463"
"1896","EIF4EBP2"
"1897","SLC35B3"
"1898","UPK3BL"
"1899","ALDH3A2"
"1900","GFI1"
"1901","HMSD"
"1902","KCNRG"
"1903","LOC100289019"
"1904","SMPDL3A"
"1905","EXO1"
"1906","NDNL2"
"1907","GPR37L1"
"1908","LASP1"
"1909","LOC100288842"
"1910","C19orf25"
"1911","C11orf21"
"1912","PBXIP1"
"1913","GMEB1"
"1914","C9orf53"
"1915","OSGEP"
"1916","RAD50"
"1917","IFRD1"
"1918","HDC"
"1919","C1GALT1C1"
"1920","SSB"
"1921","FCRL3"
"1922","LPHN2"
"1923","PLCH2"
"1924","ZC3H14"
"1925","FLVCR1"
"1926","FBXL19-AS1"
"1927","TIMM9"
"1928","TAS2R14"
"1929","ZNF717"
"1930","WDR38"
"1931","RPA4"
"1932","MICU1"
"1933","NRGN"
"1934","FAM116A"
"1935","PLXNB2"
"1936","SLC26A9"
"1937","ROS1"
"1938","WDR24"
"1939","VWA5B2"
"1940","TP53BP2"
"1941","WASH7P"
"1942","MBIP"
"1943","LOC100286793"
"1944","MAP2K5"
"1945","LOC646762"
"1946","DPP7"
"1947","ILDR1"
"1948","WDR66"
"1949","BRF1"
"1950","BTBD2"
"1951","LINGO4"
"1952","RNFT2"
"1953","ARFIP2"
"1954","PDE3B"
"1955","QSER1"
"1956","OSBPL8"
"1957","SUGT1"
"1958","HLA-E"
"1959","RFX7"
"1960","SYNJ1"
"1961","SOCS3"
"1962","FTCD"
"1963","SLC25A38"
"1964","FTL"
"1965","APOO"
"1966","PUM1"
"1967","HEXA"
"1968","ZNF595"
"1969","ERGIC1"
"1970","USP15"
"1971","SNHG12"
"1972","RIBC1"
"1973","NUP210"
"1974","RHBDL1"
"1975","TLE3"
"1976","KIAA1432"
"1977","MYNN"
"1978","NUP54"
"1979","GLOD4"
"1980","TMED2"
"1981","EEF1D"
"1982","SNRPB2"
"1983","LOC100507537"
"1984","DHX9"
"1985","INPP5A"
"1986","HAR1B"
"1987","DNM2"
"1988","GPAM"
"1989","ANKHD1-EIF4EBP3"
"1990","PRR11"
"1991","PSMD14"
"1992","JUN"
"1993","IRF9"
"1994","TMEM215"
"1995","GBP1"
"1996","TRIM37"
"1997","TXLNG"
"1998","VPREB3"
"1999","COLEC11"
"2000","C19orf55"
"2001","ZNF544"
"2002","PCDHGA5"
"2003","SYN3"
"2004","SLC39A6"
"2005","OSBPL7"
"2006","GAB1"
"2007","APOE"
"2008","TPTE2P3"
"2009","PTGR1"
"2010","P2RY6"
"2011","IPO4"
"2012","MYH16"
"2013","CTXN3"
"2014","TASP1"
"2015","PLRG1"
"2016","SLC15A3"
"2017","LOC100505761"
"2018","NUP88"
"2019","ABCB5"
"2020","FTSJ3"
"2021","TGM7"
"2022","CNOT8"
"2023","LINC00174"
"2024","MAN1B1"
"2025","MED10"
"2026","ATP10D"
"2027","SRRM5"
"2028","PM20D1"
"2029","ELFN1"
"2030","KISS1"
"2031","NAB1"
"2032","C7orf49"
"2033","DTX2"
"2034","NAA10"
"2035","MAX"
"2036","PNPT1"
"2037","MLF2"
"2038","LOC148413"
"2039","SLC25A36"
"2040","NSL1"
"2041","SPATA25"
"2042","PROCA1"
"2043","GRPR"
"2044","ABHD1"
"2045","C22orf32"
"2046","C9orf125"
"2047","ESYT3"
"2048","PRDM6"
"2049","SNX13"
"2050","GALC"
"2051","SH3GLB2"
"2052","ATP6V1H"
"2053","SP3"
"2054","COMT"
"2055","BTRC"
"2056","UFM1"
"2057","PADI4"
"2058","SZT2"
"2059","FIZ1"
"2060","C15orf56"
"2061","TSPAN19"
"2062","PAK1"
"2063","HBP1"
"2064","MCM9"
"2065","LTK"
"2066","LOC100505738"
"2067","MYH10"
"2068","GSTO1"
"2069","EFCAB2"
"2070","ZNF567"
"2071","STATH"
"2072","ZSCAN16"
"2073","MYO3B"
"2074","VWA3B"
"2075","HSPA9"
"2076","DPCD"
"2077","SLC34A2"
"2078","LOC100130776"
"2079","ZP3"
"2080","SRP54"
"2081","PUS10"
"2082","IPO9"
"2083","GMEB2"
"2084","NELL1"
"2085","SIK1"
"2086","HSD17B3"
"2087","TNNC1"
"2088","ATG10"
"2089","HCAR3"
"2090","FAM173B"
"2091","TTC38"
"2092","DHX34"
"2093","TCHHL1"
"2094","GAPDH"
"2095","APC"
"2096","ID3"
"2097","CCNT1"
"2098","ZNF474"
"2099","ZSWIM6"
"2100","AP2A1"
"2101","PPYR1"
"2102","CBLN1"
"2103","CEP44"
"2104","ME2"
"2105","PAEP"
"2106","C22orf25"
"2107","S100A1"
"2108","XRCC5"
"2109","SOD2"
"2110","DNAJB9"
"2111","KCNS1"
"2112","LGALS3"
"2113","COX7A1"
"2114","OTUD6B"
"2115","PIH1D2"
"2116","SLC2A10"
"2117","PRDM5"
"2118","CCDC48"
"2119","ZNF317"
"2120","SETD2"
"2121","SUPT4H1"
"2122","ZNF684"
"2123","ARFGEF1"
"2124","IGLON5"
"2125","SFTA1P"
"2126","LRRC70"
"2127","ZNF267"
"2128","GFPT1"
"2129","C9orf156"
"2130","DIAPH2"
"2131","TSPAN6"
"2132","DAGLB"
"2133","GRAMD4"
"2134","CXorf40B"
"2135","AKR1D1"
"2136","TSHZ2"
"2137","FAXC"
"2138","EXOC8"
"2139","FMN1"
"2140","SCGB3A2"
"2141","POM121"
"2142","RNF115"
"2143","CA14"
"2144","LRFN3"
"2145","HOMER3"
"2146","CEP72"
"2147","LBX2"
"2148","LOC550643"
"2149","SAA2"
"2150","UBL7"
"2151","VPS53"
"2152","MRPL50"
"2153","PDE1C"
"2154","SGPP2"
"2155","CCDC86"
"2156","ZNF576"
"2157","FURIN"
"2158","ENTPD6"
"2159","GGH"
"2160","HBA1"
"2161","EMD"
"2162","LOC283693"
"2163","CA5BP1"
"2164","LOC389634"
"2165","ACCN3"
"2166","IFNGR2"
"2167","ZRANB2-AS2"
"2168","CS"
"2169","KCNMB3"
"2170","ZNF644"
"2171","CLTC"
"2172","SLFN5"
"2173","ANKRD31"
"2174","CAPN3"
"2175","PCSK6"
"2176","UHRF2"
"2177","MRPL45P2"
"2178","DYNC1I2"
"2179","ZCCHC8"
"2180","TMEM139"
"2181","PPAPDC3"
"2182","GPR98"
"2183","ALX1"
"2184","HFE2"
"2185","ILKAP"
"2186","FABP3"
"2187","SLIT1"
"2188","LOC100130872"
"2189","PSMA2"
"2190","LMO3"
"2191","LRRC47"
"2192","PTPLB"
"2193","CASKIN2"
"2194","STC1"
"2195","PDZK1"
"2196","HTR3A"
"2197","LCE2B"
"2198","BCR"
"2199","LRRC36"
"2200","HP"
"2201","KCTD13"
"2202","INPP5F"
"2203","TRIAP1"
"2204","DUSP18"
"2205","SLC6A7"
"2206","EXOSC9"
"2207","TXNRD3"
"2208","LOC100129148"
"2209","GJC3"
"2210","ABHD2"
"2211","RPL18A"
"2212","LOC541473"
"2213","FLJ41484"
"2214","NSUN5P2"
"2215","DUSP19"
"2216","KAT8"
"2217","PTCHD2"
"2218","RBBP7"
"2219","ENOSF1"
"2220","ALG8"
"2221","PTPN9"
"2222","KRBOX1"
"2223","LYRM5"
"2224","TRIM35"
"2225","PARK7"
"2226","PSD3"
"2227","LOC100507472"
"2228","OPN3"
"2229","CRKL"
"2230","COMMD6"
"2231","TECRL"
"2232","SLC5A5"
"2233","CMAHP"
"2234","AFTPH"
"2235","DIABLO"
"2236","SLC35A2"
"2237","PLAGL1"
"2238","RNF31"
"2239","PTPRA"
"2240","EMX2OS"
"2241","SLC30A2"
"2242","TFF3"
"2243","CTDNEP1"
"2244","ACP2"
"2245","ANKRD36B"
"2246","TRIP13"
"2247","C6orf99"
"2248","TTI1"
"2249","YIPF6"
"2250","FIP1L1"
"2251","EYA2"
"2252","HDAC5"
"2253","MRPS14"
"2254","TMEM200B"
"2255","ZC3HAV1"
"2256","FAM153A"
"2257","GMPR2"
"2258","LOC284998"
"2259","SEMA4G"
"2260","LCE3A"
"2261","CYLD"
"2262","SLC27A3"
"2263","RPL23A"
"2264","YARS2"
"2265","WIZ"
"2266","MKI67"
"2267","RTEL1"
"2268","C9orf123"
"2269","RSPH1"
"2270","BIRC7"
"2271","IMPACT"
"2272","CENPM"
"2273","ALG5"
"2274","ZFP57"
"2275","RBM44"
"2276","AHCY"
"2277","PFN4"
"2278","SEPT9"
"2279","FAM173A"
"2280","ARHGEF26-AS1"
"2281","NPAS4"
"2282","RPLP0"
"2283","LOC100132526"
"2284","KIAA1704"
"2285","TSPAN14"
"2286","LOC339240"
"2287","B4GALT1"
"2288","CHIC1"
"2289","C11orf88"
"2290","TCERG1"
"2291","ERICH1"
"2292","ZNF837"
"2293","NEK4"
"2294","RCOR3"
"2295","RXRA"
"2296","ZFP36L1"
"2297","IFNK"
"2298","TRAPPC12"
"2299","PTPRF"
"2300","ZDHHC23"
"2301","FNDC5"
"2302","ZNF263"
"2303","POLRMT"
"2304","ERP29"
"2305","NADKD1"
"2306","KCTD1"
"2307","FLJ42709"
"2308","DDX43"
"2309","UBE2L3"
"2310","CAPN7"
"2311","RPS13"
"2312","SCAND2"
"2313","NAPG"
"2314","RBM14-RBM4"
"2315","EIF3H"
"2316","NAA30"
"2317","RASSF1"
"2318","TRMT5"
"2319","STAG1"
"2320","TIMP4"
"2321","ECT2L"
"2322","CTNNBL1"
"2323","HPS4"
"2324","TARS"
"2325","LYSMD1"
"2326","CATSPERG"
"2327","LOC654433"
"2328","EPHA6"
"2329","SLC9B2"
"2330","CDK11B"
"2331","AGA"
"2332","RTKN"
"2333","GCNT3"
"2334","PLEKHG2"
"2335","TRAPPC2P1"
"2336","MRC2"
"2337","C4orf32"
"2338","LOC728537"
"2339","NOL9"
"2340","SEC24C"
"2341","SEC23IP"
"2342","ANKMY1"
"2343","AZGP1P1"
"2344","TARDBP"
"2345","ITPKA"
"2346","DKFZP564C196"
"2347","ABCF2"
"2348","NARG2"
"2349","ANKRD24"
"2350","BEX5"
"2351","SAYSD1"
"2352","KCNG1"
"2353","CNOT7"
"2354","ST3GAL1"
"2355","HNRNPD"
"2356","MBNL1"
"2357","BEND4"
"2358","PRSS30P"
"2359","ARVCF"
"2360","DNASE1L2"
"2361","UCN3"
"2362","PXMP2"
"2363","STMN1"
"2364","ANKRD45"
"2365","PARP12"
"2366","DSN1"
"2367","COBL"
"2368","CACNA1B"
"2369","CACNG8"
"2370","CHPF"
"2371","WDR46"
"2372","ORM1"
"2373","STXBP5L"
"2374","DYNLRB1"
"2375","DUSP1"
"2376","SPDYE3"
"2377","ZDHHC21"
"2378","TMEM192"
"2379","C12orf66"
"2380","FAM166A"
"2381","HNRNPH3"
"2382","EPB49"
"2383","NPTX2"
"2384","TMSB4X"
"2385","CYP26A1"
"2386","TFAP4"
"2387","SERTAD3"
"2388","LOC338758"
"2389","CNGA3"
"2390","GPR137B"
"2391","CES5A"
"2392","ATAD2B"
"2393","CDC25A"
"2394","WASF1"
"2395","LOC285629"
"2396","INA"
"2397","TUBB1"
"2398","ARL6IP6"
"2399","COBRA1"
"2400","FAM21B"
"2401","MAD1L1"
"2402","P4HA3"
"2403","SENP8"
"2404","ANKRD36BP1"
"2405","C9orf114"
"2406","NPPA-AS1"
"2407","C13orf15"
"2408","LAMA5"
"2409","SMOX"
"2410","MATL2963"
"2411","POM121C"
"2412","CASC5"
"2413","ZHX1-C8ORF76"
"2414","C11orf80"
"2415","DTX1"
"2416","KEAP1"
"2417","LRRC46"
"2418","FAM86EP"
"2419","LOC100652768"
"2420","YWHAE"
"2421","GLRA3"
"2422","RPL13A"
"2423","C19orf54"
"2424","RPL32P3"
"2425","H2AFV"
"2426","ZNRF2P1"
"2427","LOC100287616"
"2428","RGS10"
"2429","PCNXL3"
"2430","C14orf21"
"2431","MRPL23"
"2432","RBCK1"
"2433","EIF3A"
"2434","ATG4A"
"2435","MITD1"
"2436","UBXN11"
"2437","KRCC1"
"2438","STK40"
"2439","ATP5A1"
"2440","PRDX2"
"2441","PSMC2"
"2442","ANKRD20A9P"
"2443","POU6F2"
"2444","CNTN1"
"2445","UBN1"
"2446","SLFN14"
"2447","ARRDC2"
"2448","GNA13"
"2449","MBD1"
"2450","ZNF622"
"2451","TMEM126B"
"2452","SCFD1"
"2453","TMEM191A"
"2454","RGNEF"
"2455","SRSF1"
"2456","CNOT3"
"2457","FAM86HP"
"2458","GIGYF1"
"2459","AGTR1"
"2460","PFDN5"
"2461","RNF175"
"2462","LARS2"
"2463","TAF10"
"2464","DHRS7"
"2465","NKRF"
"2466","NBL1"
"2467","EIF1"
"2468","MED9"
"2469","SYVN1"
"2470","IGFBP2"
"2471","THRAP3"
"2472","C1QTNF3"
"2473","SREK1IP1"
"2474","MRPL15"
"2475","ZER1"
"2476","HERC4"
"2477","TIAL1"
"2478","RB1"
"2479","NGLY1"
"2480","TST"
"2481","CTBP1"
"2482","PCDHA10"
"2483","KRT33A"
"2484","HIST1H2AK"
"2485","FAM98B"
"2486","CTNNA1"
"2487","C14orf93"
"2488","MCMBP"
"2489","INTS9"
"2490","CYB5A"
"2491","ARHGAP4"
"2492","ABR"
"2493","PIP5KL1"
"2494","ERGIC3"
"2495","KIAA0825"
"2496","ERBB2"
"2497","SEPP1"
"2498","SYCP2"
"2499","INTS8"
"2500","C16orf59"
"2501","CFB"
"2502","HIATL2"
"2503","KIAA0391"
"2504","C17orf56"
"2505","MRVI1-AS1"
"2506","FER"
"2507","SARNP"
"2508","KLF9"
"2509","C10orf11"
"2510","ARHGEF26"
"2511","SNORA25"
"2512","LRRC10B"
"2513","EPS15L1"
"2514","NPIPL3"
"2515","PPP1R1A"
"2516","GABARAPL1"
"2517","LRRC23"
"2518","ELAC2"
"2519","NMNAT1"
"2520","TOMM34"
"2521","CBX1"
"2522","ZNF839"
"2523","MAEA"
"2524","PSMB10"
"2525","C1QTNF9B"
"2526","PRKX"
"2527","USP12"
"2528","SNORA70"
"2529","C10orf35"
"2530","RNF213"
"2531","CFH"
"2532","ZNF808"
"2533","CA3"
"2534","ESF1"
"2535","HECTD1"
"2536","SOAT2"
"2537","LOC100132832"
"2538","PSAPL1"
"2539","OR13A1"
"2540","POLR1E"
"2541","SLC10A5"
"2542","OSCP1"
"2543","C10orf46"
"2544","ANKRD32"
"2545","ZCCHC4"
"2546","DVL2"
"2547","MAPK9"
"2548","FOXN2"
"2549","CBWD1"
"2550","KIAA1244"
"2551","TMEM129"
"2552","PORCN"
"2553","FOLR3"
"2554","KLHL35"
"2555","MBL1P"
"2556","ARID1A"
"2557","LOC646214"
"2558","DENND4C"
"2559","TAF4"
"2560","KRT79"
"2561","MAB21L2"
"2562","TFDP3"
"2563","MAP4K3"
"2564","ARFRP1"
"2565","SNTN"
"2566","PSORS1C3"
"2567","ANG"
"2568","U2AF1L4"
"2569","IWS1"
"2570","CCDC75"
"2571","BRD1"
"2572","LOC100507173"
"2573","PHB2"
"2574","GPR108"
"2575","SIRT6"
"2576","PLEKHG7"
"2577","HEATR5A"
"2578","AGAP3"
"2579","PTRH1"
"2580","CASQ1"
"2581","ACVR1C"
"2582","PLEKHD1"
"2583","CLSPN"
"2584","CHERP"
"2585","COL6A5"
"2586","IRX4"
"2587","EID2"
"2588","STRC"
"2589","ZNF468"
"2590","DNAJB12"
"2591","TMEM61"
"2592","LOC100505876"
"2593","SCYL3"
"2594","RHBDD3"
"2595","RECQL4"
"2596","C9orf131"
"2597","PPARG"
"2598","NAF1"
"2599","PAICS"
"2600","ZRANB1"
"2601","GOLGB1"
"2602","CHEK2"
"2603","PPT2"
"2604","LOC100507218"
"2605","ATG12"
"2606","TMEM50A"
"2607","ANO5"
"2608","LRIG1"
"2609","TXNL4A"
"2610","CDHR5"
"2611","VMAC"
"2612","KIF1B"
"2613","AIP"
"2614","MUC7"
"2615","PLEKHG6"
"2616","KIAA0513"
"2617","MAF1"
"2618","CTNND2"
"2619","ERGIC2"
"2620","ELP4"
"2621","IL17RD"
"2622","CCT4"
"2623","LOC400655"
"2624","GPR128"
"2625","ABHD10"
"2626","ONECUT2"
"2627","MCM4"
"2628","RNLS"
"2629","ZNF362"
"2630","C2orf16"
"2631","WDSUB1"
"2632","RCN2"
"2633","BBS7"
"2634","RBM5"
"2635","PITRM1"
"2636","CELSR1"
"2637","HPCAL4"
"2638","AMT"
"2639","UFD1L"
"2640","PPP4R2"
"2641","GNMT"
"2642","IFNAR1"
"2643","PDX1"
"2644","PCTP"
"2645","ZNF577"
"2646","FEN1"
"2647","CD109"
"2648","OSTC"
"2649","NPC1L1"
"2650","ATXN2L"
"2651","CAMSAP2"
"2652","AKAP13"
"2653","C12orf32"
"2654","USP33"
"2655","AMH"
"2656","DYNLT1"
"2657","CUX1"
"2658","PKD1"
"2659","LOC283922"
"2660","FAM133B"
"2661","CSAD"
"2662","CDC40"
"2663","TPST2"
"2664","SERPINI2"
"2665","SF3A3"
"2666","PAGE5"
"2667","DHRS13"
"2668","CDS2"
"2669","SYNCRIP"
"2670","SSRP1"
"2671","ZNF200"
"2672","C21orf15"
"2673","EFTUD2"
"2674","NOBOX"
"2675","NPM1"
"2676","MGC21881"
"2677","PICK1"
"2678","HAUS5"
"2679","MOB1A"
"2680","CCT6P1"
"2681","KDM1A"
"2682","HNRNPUL2"
"2683","HDAC9"
"2684","KIF17"
"2685","LPAR3"
"2686","AIDA"
"2687","GCLC"
"2688","WDR87"
"2689","ZFAND1"
"2690","ACOT4"
"2691","IL1F10"
"2692","CSF2"
"2693","CD274"
"2694","CD164L2"
"2695","KLHDC9"
"2696","LOC100131289"
"2697","TPCN2"
"2698","PPP2R1B"
"2699","CCAR1"
"2700","GGA1"
"2701","CCDC25"
"2702","NLRP4"
"2703","CHRM5"
"2704","NRTN"
"2705","PKNOX1"
"2706","SSPO"
"2707","STAP2"
"2708","IREB2"
"2709","ZNF597"
"2710","RMI1"
"2711","COG2"
"2712","PLA2G12A"
"2713","LOC728554"
"2714","EIF2AK2"
"2715","PPAT"
"2716","AKR1C1"
"2717","PGAP2"
"2718","CYP2A6"
"2719","FASTKD2"
"2720","HTR2B"
"2721","SLC25A46"
"2722","BAG4"
"2723","IRAK2"
"2724","SYT8"
"2725","HOXA10"
"2726","SERHL2"
"2727","TRABD"
"2728","TMEM35"
"2729","SYTL4"
"2730","WHSC1L1"
"2731","ZNF266"
"2732","POSTN"
"2733","LOC653786"
"2734","GPR172B"
"2735","ARSI"
"2736","STARD3"
"2737","NAP1L5"
"2738","CCDC125"
"2739","ATP13A5"
"2740","PPRC1"
"2741","LOC641298"
"2742","SH2B1"
"2743","AATF"
"2744","LOC100505933"
"2745","SOX6"
"2746","BRSK2"
"2747","RPL9"
"2748","FOXI2"
"2749","MMP27"
"2750","ANXA13"
"2751","EIF5AL1"
"2752","ILF2"
"2753","USP1"
"2754","CH25H"
"2755","LOC254896"
"2756","ZNF585A"
"2757","A2MP1"
"2758","TAF15"
"2759","ARMC1"
"2760","SRRM2"
"2761","RPS11"
"2762","MTFP1"
"2763","CRK"
"2764","AFAP1L2"
"2765","AZI2"
"2766","KPNB1"
"2767","INPP4B"
"2768","DSCC1"
"2769","PRRC2C"
"2770","TEX26-AS1"
"2771","MPV17"
"2772","PSMA6"
"2773","SLC2A8"
"2774","REEP5"
"2775","SNIP1"
"2776","PFKFB3"
"2777","RPRD1B"
"2778","RPL21"
"2779","SPTY2D1"
"2780","HEXDC"
"2781","GLB1"
"2782","TBC1D9B"
"2783","FLJ10661"
"2784","TMEM115"
"2785","MED25"
"2786","FAM86DP"
"2787","DRD5"
"2788","RTN2"
"2789","SP1"
"2790","C20orf7"
"2791","TFPT"
"2792","RNF103"
"2793","TREM2"
"2794","PRKRA"
"2795","PIGW"
"2796","PDCD7"
"2797","C8orf44"
"2798","MEIS1"
"2799","CCL24"
"2800","SDPR"
"2801","ANKRD20A5P"
"2802","G6PC3"
"2803","WDR63"
"2804","STX5"
"2805","LOC158696"
"2806","DTYMK"
"2807","ESPNL"
"2808","INTS3"
"2809","ZNF319"
"2810","DDR1"
"2811","CCL14"
"2812","NPPA"
"2813","NLE1"
"2814","C19orf76"
"2815","DNAJA1"
"2816","FAM193B"
"2817","FBXL15"
"2818","MIRLET7BHG"
"2819","PALM3"
"2820","LOC219731"
"2821","TMEM56-RWDD3"
"2822","HKR1"
"2823","PIGZ"
"2824","HSPA7"
"2825","POP1"
"2826","STIM1"
"2827","PDZD8"
"2828","GCDH"
"2829","TRMT11"
"2830","SEMA3C"
"2831","SPDYE1"
"2832","LOC100506071"
"2833","IL37"
"2834","ISCA1"
"2835","MTOR"
"2836","HSD17B13"
"2837","RMND5A"
"2838","CCL8"
"2839","NAGS"
"2840","ZFY"
"2841","AK1"
"2842","LOC100130275"
"2843","ABCD3"
"2844","KIF13B"
"2845","MPV17L"
"2846","AKIRIN1"
"2847","OGG1"
"2848","TUBA4B"
"2849","HINT1"
"2850","MYBL2"
"2851","TC2N"
"2852","IPP"
"2853","UBE3B"
"2854","CASP4"
"2855","CRYGS"
"2856","C4orf48"
"2857","HNRNPL"
"2858","DDX18"
"2859","BRP44"
"2860","PXMP4"
"2861","HNF1A-AS1"
"2862","DIRC3"
"2863","FOLH1B"
"2864","MGC39372"
"2865","BBC3"
"2866","CENPK"
"2867","USP54"
"2868","SLC44A1"
"2869","CWC27"
"2870","LOC375295"
"2871","PRR14L"
"2872","RPS2P32"
"2873","CALCOCO2"
"2874","DIMT1"
"2875","TSSK3"
"2876","OMD"
"2877","KRT31"
"2878","PRKCSH"
"2879","LINC00087"
"2880","RPL39L"
"2881","BUB1B"
"2882","FLJ11235"
"2883","ZNF639"
"2884","PRDM8"
"2885","SDAD1"
"2886","SSTR5"
"2887","LOC388906"
"2888","MLANA"
"2889","RNF217"
"2890","TDO2"
"2891","FSIP2"
"2892","PDLIM7"
"2893","TNFAIP8L3"
"2894","RAD21"
"2895","VPS16"
"2896","MLL3"
"2897","FLJ36000"
"2898","CDKN1C"
"2899","MARCH9"
"2900","WDR83"
"2901","C15orf33"
"2902","LZTR1"
"2903","CYHR1"
"2904","DNAJC4"
"2905","SAP130"
"2906","UBXN6"
"2907","DTHD1"
"2908","PDZD2"
"2909","ZNF101"
"2910","ACIN1"
"2911","OPN4"
"2912","LOC100652730"
"2913","CYP4B1"
"2914","ARHGEF33"
"2915","BEND3"
"2916","BLNK"
"2917","UGT2B7"
"2918","C1QL4"
"2919","RPIA"
"2920","ACCN4"
"2921","STS"
"2922","IFIT1"
"2923","VIL1"
"2924","PTPLA"
"2925","C6orf223"
"2926","RNF216P1"
"2927","ADRM1"
"2928","CCDC88C"
"2929","MZT1"
"2930","IQCB1"
"2931","ALS2CR12"
"2932","SHISA8"
"2933","SYNGAP1"
"2934","ANXA8L2"
"2935","NEK11"
"2936","C11orf93"
"2937","CYBA"
"2938","RTP4"
"2939","MAPK1"
"2940","C4orf17"
"2941","HIRIP3"
"2942","ALOX12P2"
"2943","LSM2"
"2944","PCBD2"
"2945","GULP1"
"2946","C7orf57"
"2947","CRIPT"
"2948","SH3PXD2B"
"2949","PHF19"
"2950","MCCC2"
"2951","LOC100128788"
"2952","OTUD1"
"2953","C6orf72"
"2954","PRDM15"
"2955","TCF20"
"2956","PPM1N"
"2957","LOC153684"
"2958","RNF181"
"2959","ATXN7L3"
"2960","CXorf57"
"2961","FAM134A"
"2962","ZYG11B"
"2963","SCNN1D"
"2964","GABARAP"
"2965","C8orf39"
"2966","CA1"
"2967","ITGB1BP1"
"2968","SPEN"
"2969","CCPG1"
"2970","PARD6G"
"2971","ZNF878"
"2972","PCDHB18"
"2973","PMEL"
"2974","DECR2"
"2975","HSP90AB1"
"2976","PPP3R1"
"2977","ACOT8"
"2978","HELLS"
"2979","SERTAD4"
"2980","GDA"
"2981","ARIH2"
"2982","PMPCA"
"2983","TTI2"
"2984","DKK1"
"2985","POTEH"
"2986","DFNB59"
"2987","RWDD2B"
"2988","LOC100507567"
"2989","C20orf94"
"2990","KLHDC2"
"2991","RNF138"
"2992","RRP7A"
"2993","TTC1"
"2994","FMO2"
"2995","DGCR6"
"2996","SAMD12"
"2997","TNFRSF13B"
"2998","NLRC5"
"2999","GLB1L"
"3000","ANKLE1"
"3001","LOC100527964"
"3002","ZYG11A"
"3003","FGF12"
"3004","TP53BP1"
"3005","PIK3C2B"
"3006","CRYL1"
"3007","FAM20B"
"3008","ZNF841"
"3009","ZC3H4"
"3010","PRPS2"
"3011","HNF4G"
"3012","CCDC11"
"3013","LOC100506994"
"3014","LOC147804"
"3015","C19orf57"
"3016","PMS2"
"3017","CALM2"
"3018","ESYT2"
"3019","IQCC"
"3020","ASPRV1"
"3021","RETSAT"
"3022","ORAOV1"
"3023","SUN2"
"3024","ADAMTS20"
"3025","ARFGAP2"
"3026","ZNHIT6"
"3027","GNB4"
"3028","CCNY"
"3029","INCA1"
"3030","PTP4A2"
"3031","RAB5B"
"3032","C10orf54"
"3033","CCDC138"
"3034","DRAM2"
"3035","CETN2"
"3036","TSGA10"
"3037","G3BP1"
"3038","MARCH3"
"3039","ZNF473"
"3040","ADAT1"
"3041","SAFB"
"3042","SLC35B1"
"3043","MS4A14"
"3044","ATG14"
"3045","TWISTNB"
"3046","EPHA7"
"3047","AGAP5"
"3048","NUDT1"
"3049","GRHL2"
"3050","RCAN1"
"3051","LRRC29"
"3052","CCNL2"
"3053","SLC2A4RG"
"3054","C19orf42"
"3055","SACM1L"
"3056","C4orf39"
"3057","LOC647979"
"3058","LOC151174"
"3059","HMG20A"
"3060","ABCC3"
"3061","PSMC4"
"3062","MRPL9"
"3063","CLEC4GP1"
"3064","LOC728175"
"3065","DNAH8"
"3066","CNKSR3"
"3067","GGCX"
"3068","PLAA"
"3069","PPM1B"
"3070","KIAA1143"
"3071","MGAT4B"
"3072","FOLR1"
"3073","CRIP2"
"3074","C1orf192"
"3075","RBM45"
"3076","KDM6A"
"3077","MS4A1"
"3078","TFPI2"
"3079","IFITM2"
"3080","ANAPC2"
"3081","DIEXF"
"3082","ERG"
"3083","SIGLEC6"
"3084","ADAT2"
"3085","ASTN2"
"3086","KCNQ1OT1"
"3087","CHURC1"
"3088","DNAH9"
"3089","PAX2"
"3090","SNX22"
"3091","MGC14436"
"3092","STK10"
"3093","EXOC3"
"3094","KDM4A"
"3095","LOC100506795"
"3096","BCL2L13"
"3097","DLEU2L"
"3098","STOX2"
"3099","LOC100507412"
"3100","KXD1"
"3101","NTHL1"
"3102","ICAM4"
"3103","C11orf71"
"3104","COA5"
"3105","SEPT5"
"3106","PADI3"
"3107","RPL23"
"3108","TCAM1P"
"3109","TFDP1"
"3110","BRF2"
"3111","ITFG3"
"3112","MASTL"
"3113","RPL21P44"
"3114","GPR179"
"3115","ACTR10"
"3116","HEBP1"
"3117","MGC16121"
"3118","ADCK4"
"3119","FXYD7"
"3120","LOC100506123"
"3121","SIAE"
"3122","TBC1D13"
"3123","C9orf43"
"3124","RAP1GDS1"
"3125","ENOPH1"
"3126","GPR50"
"3127","DNAH5"
"3128","SRRM1"
"3129","STX18"
"3130","SEMA4A"
"3131","LYRM2"
"3132","FAM183B"
"3133","C3orf26"
"3134","TMEM126A"
"3135","C17orf104"
"3136","CLEC11A"
"3137","INE1"
"3138","MUS81"
"3139","NR2E3"
"3140","UCP3"
"3141","DNPEP"
"3142","RPH3AL"
"3143","EIF2D"
"3144","LOC81691"
"3145","NAGPA"
"3146","NCOA3"
"3147","C14orf37"
"3148","ABHD12"
"3149","ZNF846"
"3150","CD163"
"3151","ZNF16"
"3152","RARB"
"3153","LRRK2"
"3154","VHL"
"3155","PARG"
"3156","POLR3D"
"3157","NOP14-AS1"
"3158","CROT"
"3159","ZNF273"
"3160","LOC595101"
"3161","PSMB1"
"3162","C11orf87"
"3163","REL"
"3164","POLR2J3"
"3165","MRPL42"
"3166","NEIL2"
"3167","C1QL1"
"3168","HIF3A"
"3169","GTF2A1"
"3170","HOXD4"
"3171","PAX9"
"3172","C7orf50"
"3173","SST"
"3174","C16orf86"
"3175","SSR2"
"3176","DENR"
"3177","PHF23"
"3178","SPAG6"
"3179","UBE2C"
"3180","PGM1"
"3181","RBAK"
"3182","CCDC116"
"3183","LOC399744"
"3184","FOXRED2"
"3185","ATG4D"
"3186","TMEM52"
"3187","LOC613037"
"3188","C16orf62"
"3189","CDRT15P1"
"3190","PTTG1IP"
"3191","CNTNAP3"
"3192","FTH1"
"3193","INTS5"
"3194","GMIP"
"3195","PAX8"
"3196","ERBB4"
"3197","ZSCAN29"
"3198","MLL4"
"3199","C15orf61"
"3200","RASEF"
"3201","B3GNTL1"
"3202","NLGN4X"
"3203","YWHAQ"
"3204","CDK4"
"3205","SLC25A12"
"3206","DHDH"
"3207","CHAF1A"
"3208","MYL7"
"3209","AGPAT9"
"3210","ANP32A"
"3211","TRMT2A"
"3212","CTU1"
"3213","GNG3"
"3214","NACA"
"3215","GOLT1A"
"3216","ATP1A3"
"3217","TCOF1"
"3218","ABCA13"
"3219","IRAK4"
"3220","ZNF14"
"3221","SLC24A6"
"3222","C19orf29-AS1"
"3223","SPRYD3"
"3224","PARP2"
"3225","BST2"
"3226","C17orf97"
"3227","LOC100131067"
"3228","ASPH"
"3229","RPL41"
"3230","GALNT1"
"3231","TUBB4A"
"3232","SEPT12"
"3233","C21orf63"
"3234","RABGAP1L"
"3235","KLC1"
"3236","TMED10P1"
"3237","IDAS"
"3238","CNTD2"
"3239","MUC15"
"3240","THOC1"
"3241","DMC1"
"3242","FAM177B"
"3243","KIF15"
"3244","HILS1"
"3245","LOC100129961"
"3246","CCT6B"
"3247","RASA1"
"3248","LOC100507547"
"3249","HERC6"
"3250","CLASRP"
"3251","HEATR8"
"3252","THOP1"
"3253","UCN"
"3254","LOC642361"
"3255","RASSF10"
"3256","RGS11"
"3257","RAVER2"
"3258","ZHX3"
"3259","CAMK2B"
"3260","GYS2"
"3261","NFKBID"
"3262","TMEM9B"
"3263","TMEM138"
"3264","LOC100190986"
"3265","VPS39"
"3266","FAM91A2"
"3267","PPARGC1B"
"3268","DKFZP586I1420"
"3269","MICB"
"3270","SAP30BP"
"3271","MSL2"
"3272","MEX3D"
"3273","RAPGEF5"
"3274","MCHR1"
"3275","PTPN4"
"3276","TIMM21"
"3277","C11orf74"
"3278","CACNB4"
"3279","PRMT5"
"3280","DDB2"
"3281","MARCH6"
"3282","FUNDC1"
"3283","WHSC2"
"3284","TECPR2"
"3285","FFAR3"
"3286","C4orf42"
"3287","XKR9"
"3288","POMP"
"3289","TAP2"
"3290","ERCC1"
"3291","ITGB8"
"3292","OBSL1"
"3293","ANKRD12"
"3294","SETDB1"
"3295","NANOS1"
"3296","HERC2P2"
"3297","TRIM41"
"3298","LOC100131096"
"3299","KAZALD1"
"3300","ZNF236"
"3301","RRP15"
"3302","TRIM50"
"3303","PEX26"
"3304","DGCR10"
"3305","STX4"
"3306","CSE1L"
"3307","APOA1"
"3308","ASB16"
"3309","GOLGA6L5"
"3310","RAB3GAP2"
"3311","RNF20"
"3312","CLEC4E"
"3313","GRIK3"
"3314","SCFD2"
"3315","SUSD4"
"3316","LOC100507178"
"3317","ERVV-1"
"3318","ANKRD17"
"3319","HNF1B"
"3320","PI4K2B"
"3321","PRNP"
"3322","COL4A3BP"
"3323","C7orf23"
"3324","C8orf83"
"3325","DIS3L"
"3326","MLXIPL"
"3327","C19orf66"
"3328","ANKRD62P1-PARP4P3"
"3329","MAD2L1"
"3330","KLHDC7A"
"3331","HMOX1"
"3332","LOC100506866"
"3333","BCO2"
"3334","IP6K1"
"3335","CENPBD1"
"3336","RGS14"
"3337","GPR62"
"3338","SYF2"
"3339","LOC100288077"
"3340","KDSR"
"3341","RIMBP3"
"3342","PLXNB1"
"3343","SLC5A3"
"3344","LOC100129387"
"3345","RALY"
"3346","PLA2G10"
"3347","STK3"
"3348","CTSA"
"3349","LAIR2"
"3350","LOC400752"
"3351","SNX29"
"3352","TAZ"
"3353","LOC90246"
"3354","EDC3"
"3355","CACHD1"
"3356","HOXC13"
"3357","CASP2"
"3358","LCMT1"
"3359","ATG4B"
"3360","CCL7"
"3361","TMEM50B"
"3362","CHMP4A"
"3363","ATP5L"
"3364","ZNF784"
"3365","ZNF408"
"3366","CROCCP2"
"3367","QTRT1"
"3368","CAPN8"
"3369","HS3ST3B1"
"3370","MMADHC"
"3371","TMEM184B"
"3372","PDE4D"
"3373","GNAS"
"3374","SNHG10"
"3375","TSPAN31"
"3376","SLC22A23"
"3377","SKP1"
"3378","LCE1E"
"3379","PREX2"
"3380","SF1"
"3381","HIVEP2"
"3382","SYNGR1"
"3383","SEC62"
"3384","TMEM206"
"3385","ADAP2"
"3386","LMO2"
"3387","MTHFD2"
"3388","TNFRSF10A"
"3389","CSDE1"
"3390","GPR17"
"3391","FRMD5"
"3392","LOC100131825"
"3393","LCNL1"
"3394","STK16"
"3395","C15orf26"
"3396","DDX24"
"3397","BHMT"
"3398","C19orf26"
"3399","FAM13A-AS1"
"3400","NDST1"
"3401","LPP-AS2"
"3402","CEP78"
"3403","C16orf93"
"3404","SPPL2B"
"3405","PTGR2"
"3406","KDM2A"
"3407","KAT2B"
"3408","C9orf82"
"3409","ZRSR2"
"3410","HSD11B1"
"3411","UBAC1"
"3412","TOP1MT"
"3413","FOXG1"
"3414","RGN"
"3415","PLEKHA8"
"3416","KLRG2"
"3417","HEATR4"
"3418","ISOC2"
"3419","TMEM59L"
"3420","MMP13"
"3421","SLC27A2"
"3422","LRTOMT"
"3423","RPAP3"
"3424","ATP5SL"
"3425","MAST2"
"3426","XKRX"
"3427","POU4F1"
"3428","HDAC10"
"3429","FAM113A"
"3430","MRPL42P5"
"3431","TTC29"
"3432","ATP6V0E1"
"3433","MAPKBP1"
"3434","MFHAS1"
"3435","C1orf65"
"3436","GPR19"
"3437","C11orf75"
"3438","SLC7A10"
"3439","C15orf38"
"3440","RXFP4"
"3441","DLAT"
"3442","DTD1"
"3443","LOC375196"
"3444","ARL13B"
"3445","KRTAP5-1"
"3446","PDPK1"
"3447","ZNF282"
"3448","GRTP1"
"3449","HSD17B11"
"3450","ZNF765"
"3451","RINT1"
"3452","LOC100506874"
"3453","ACADL"
"3454","GRK7"
"3455","RAB12"
"3456","KIAA0196"
"3457","ZFR2"
"3458","SRSF11"
"3459","FAM86C1"
"3460","TPSB2"
"3461","KIAA0913"
"3462","NUP155"
"3463","NUCB2"
"3464","SLC16A8"
"3465","CHORDC1"
"3466","LOC338651"
"3467","CDCA7L"
"3468","DHTKD1"
"3469","CWC22"
"3470","CDK8"
"3471","CCBL1"
"3472","PIN1"
"3473","LRRC17"
"3474","TRIM45"
"3475","CCNO"
"3476","RERE"
"3477","SIRPB2"
"3478","SIPA1L1"
"3479","PPPDE2"
"3480","TYW1"
"3481","EBLN2"
"3482","PTPDC1"
"3483","C11orf20"
"3484","CD22"
"3485","LOC339975"
"3486","EEPD1"
"3487","PRPH"
"3488","PAX5"
"3489","P4HA1"
"3490","SHROOM1"
"3491","FAM20C"
"3492","OSGEPL1"
"3493","TM2D3"
"3494","UTP6"
"3495","LYSMD2"
"3496","LOC285758"
"3497","LAGE3"
"3498","RRN3P3"
"3499","VPS37C"
"3500","BCKDHB"
"3501","ORM2"
"3502","TM7SF4"
"3503","NRG2"
"3504","GALK1"
"3505","SLC25A17"
"3506","PLEKHH1"
"3507","HMG20B"
"3508","TMC6"
"3509","HOXA-AS5"
"3510","AP4M1"
"3511","ACVR2A"
"3512","ZNF277"
"3513","RSBN1L"
"3514","YBEY"
"3515","C2CD4A"
"3516","C20orf30"
"3517","TET2"
"3518","ZSCAN12P1"
"3519","RAB11B"
"3520","LOC400927"
"3521","WDR5B"
"3522","UBE3A"
"3523","G0S2"
"3524","KLHL26"
"3525","HAPLN1"
"3526","KRIT1"
"3527","YES1"
"3528","IL28RA"
"3529","PILRB"
"3530","EP400NL"
"3531","ZNF691"
"3532","GNRH1"
"3533","BMP8A"
"3534","IL29"
"3535","ADK"
"3536","PCGF3"
"3537","LOC93622"
"3538","SETD7"
"3539","PRH2"
"3540","POM121L8P"
"3541","FIG4"
"3542","SLC26A1"
"3543","HIST1H2AC"
"3544","ARL2"
"3545","IFT122"
"3546","KBTBD8"
"3547","C5orf44"
"3548","AGPHD1"
"3549","LOC728752"
"3550","ZNF642"
"3551","LMBR1L"
"3552","TP53TG1"
"3553","RASGRP2"
"3554","NEFM"
"3555","LOC100132781"
"3556","WSB2"
"3557","ZNF695"
"3558","CAMTA2"
"3559","PROSC"
"3560","CNTROB"
"3561","POLL"
"3562","METTL9"
"3563","SPSB2"
"3564","LGALS12"
"3565","CLVS1"
"3566","GAS7"
"3567","ARID3A"
"3568","LOC100506810"
"3569","RBM17"
"3570","LRSAM1"
"3571","CDK16"
"3572","PHLPP1"
"3573","GCFC1-AS1"
"3574","DECR1"
"3575","KLRF1"
"3576","CELF1"
"3577","LOC255512"
"3578","SPC25"
"3579","MFNG"
"3580","PMFBP1"
"3581","BBIP1"
"3582","RXRB"
"3583","MR1"
"3584","PLK2"
"3585","SLC25A29"
"3586","NUFIP1"
"3587","SLC35C2"
"3588","ACTA1"
"3589","KALRN"
"3590","C17orf65"
"3591","CD19"
"3592","FAM114A2"
"3593","CDC25C"
"3594","RASGRP1"
"3595","MYLK"
"3596","RNF19B"
"3597","HES6"
"3598","MCM3AP"
"3599","RANBP3"
"3600","LOC100507577"
"3601","KLK14"
"3602","FAM24B"
"3603","MCM6"
"3604","POLR2M"
"3605","KLHL25"
"3606","MAD2L1BP"
"3607","KIAA0247"
"3608","LCLAT1"
"3609","NMI"
"3610","SYT5"
"3611","TNFAIP8"
"3612","MRPL33"
"3613","SLC38A9"
"3614","CDKN2AIPNL"
"3615","UBXN1"
"3616","ZNF586"
"3617","BRMS1L"
"3618","AMACR"
"3619","UGT2B17"
"3620","C11orf65"
"3621","HN1L"
"3622","CNTD1"
"3623","C20orf201"
"3624","ZNF672"
"3625","LOC400958"
"3626","NOC4L"
"3627","OXCT1"
"3628","C19orf10"
"3629","SUMO1P1"
"3630","HS2ST1"
"3631","SPATC1"
"3632","CBY1"
"3633","ATP8B3"
"3634","PRKRIP1"
"3635","MAP1LC3A"
"3636","SYT1"
"3637","TSPAN32"
"3638","CDKL5"
"3639","TFAM"
"3640","TTC7A"
"3641","DNAJC21"
"3642","SNRPA"
"3643","FAM3A"
"3644","FLJ31813"
"3645","CHTF18"
"3646","ACP6"
"3647","FAM115A"
"3648","CUTA"
"3649","AP1G2"
"3650","GUSBP3"
"3651","CT62"
"3652","MOCOS"
"3653","RPS6"
"3654","DAB1"
"3655","ZNF563"
"3656","MSL1"
"3657","MGC27345"
"3658","MSL3P1"
"3659","PRRX2"
"3660","COPS3"
"3661","DEPTOR"
"3662","SESTD1"
"3663","PSD4"
"3664","COG3"
"3665","YTHDC2"
"3666","UTP3"
"3667","SLC43A3"
"3668","LOC100287015"
"3669","DDX3X"
"3670","TAF1B"
"3671","CDC45"
"3672","PTMA"
"3673","AARSD1"
"3674","LOC100506033"
"3675","TMPRSS15"
"3676","OLFML2A"
"3677","GRAMD3"
"3678","PIGC"
"3679","SRSF10"
"3680","SLC38A6"
"3681","NOD1"
"3682","DISP2"
"3683","CTDSPL2"
"3684","CCDC94"
"3685","CCDC148"
"3686","TMEM132C"
"3687","PRPF31"
"3688","LOC100507240"
"3689","MYSM1"
"3690","ERBB2IP"
"3691","MRPS35"
"3692","FAM72B"
"3693","PSIMCT-1"
"3694","USP48"
"3695","NETO1"
"3696","YLPM1"
"3697","MID1IP1"
"3698","RPS6KC1"
"3699","NDUFC2"
"3700","ZNF121"
"3701","RPL10A"
"3702","ZNF611"
"3703","LOC550112"
"3704","LOC91948"
"3705","C1orf150"
"3706","LOC100507053"
"3707","C10orf2"
"3708","PABPC1"
"3709","UGT2B15"
"3710","LOC100133331"
"3711","C21orf7"
"3712","CLEC18A"
"3713","AP4S1"
"3714","NACC2"
"3715","KIAA0930"
"3716","HSD17B10"
"3717","RPGRIP1"
"3718","CORO2B"
"3719","ASB3"
"3720","COPS4"
"3721","YPEL5"
"3722","RNF212"
"3723","LBX1"
"3724","NKAP"
"3725","FAM167B"
"3726","CCDC168"
"3727","IFITM10"
"3728","UPRT"
"3729","FUCA1"
"3730","MNS1"
"3731","COG7"
"3732","HTRA2"
"3733","SRRT"
"3734","RRP7B"
"3735","LPPR3"
"3736","BAK1"
"3737","AK3"
"3738","ZNF646"
"3739","ADAM9"
"3740","RASSF5"
"3741","IKBKB"
"3742","OVCA2"
"3743","BTBD19"
"3744","VPS37A"
"3745","PSG5"
"3746","DMBX1"
"3747","SUPT16H"
"3748","C19orf40"
"3749","LGALS4"
"3750","PGA5"
"3751","DNA2"
"3752","ST13"
"3753","SCAND3"
"3754","CDC6"
"3755","HACL1"
"3756","PIAS4"
"3757","FAM150A"
"3758","VGLL3"
"3759","CLEC5A"
"3760","TMEM86B"
"3761","LOC401010"
"3762","LOC399753"
"3763","TMEM39A"
"3764","CMPK2"
"3765","DLK1"
"3766","C11orf73"
"3767","LOC286002"
"3768","C12orf61"
"3769","WNT1"
"3770","NLGN2"
"3771","WASH2P"
"3772","CDKN3"
"3773","TTC5"
"3774","HIRA"
"3775","PASK"
"3776","SLC24A1"
"3777","DDX31"
"3778","TSPAN33"
"3779","DEPDC5"
"3780","C6orf192"
"3781","KLRC2"
"3782","GLB1L3"
"3783","CFD"
"3784","RPS7"
"3785","MTG1"
"3786","C21orf67"
"3787","LOC100506710"
"3788","FAM54B"
"3789","SPHK1"
"3790","SLC15A1"
"3791","PARP10"
"3792","NUDT3"
"3793","DOCK9"
"3794","TFEB"
"3795","SMAD5-AS1"
"3796","BBS5"
"3797","GTF3A"
"3798","DCBLD1"
"3799","NCK1"
"3800","GBAP1"
"3801","NKAIN4"
"3802","TM6SF2"
"3803","INSM2"
"3804","MGA"
"3805","RBM27"
"3806","ZNF205"
"3807","SERPINB10"
"3808","IGFALS"
"3809","PRMT8"
"3810","SSBP4"
"3811","HOXB4"
"3812","LOC100129794"
"3813","CTSC"
"3814","MRPL48"
"3815","GDAP1"
"3816","SLC36A2"
"3817","ZBTB22"
"3818","RNF207"
"3819","CCDC80"
"3820","EBAG9"
"3821","MFF"
"3822","ZNF587"
"3823","HOXA2"
"3824","DCP1A"
"3825","CPA5"
"3826","INADL"
"3827","LHX5"
"3828","DHX30"
"3829","NFIL3"
"3830","DMAP1"
"3831","PQLC3"
"3832","ORC2"
"3833","ST6GALNAC2"
"3834","FRG1"
"3835","SELO"
"3836","BDNF"
"3837","PARN"
"3838","PPIL4"
"3839","POLR2E"
"3840","GCA"
"3841","CHST6"
"3842","CTRL"
"3843","FBXW4"
"3844","CIDEB"
"3845","VSIG10"
"3846","LOC100506469"
"3847","FHOD1"
"3848","ILF3"
"3849","LOC283038"
"3850","DYX1C1"
"3851","TP53I13"
"3852","ZMYND15"
"3853","ANKRD13A"
"3854","CACNA1D"
"3855","UBAC2"
"3856","SRSF5"
"3857","HERPUD2"
"3858","IL33"
"3859","LOC100133091"
"3860","CAV2"
"3861","ULBP3"
"3862","ASRGL1"
"3863","LOC283089"
"3864","GIN1"
"3865","FGF8"
"3866","FLJ35946"
"3867","PROX1-AS1"
"3868","MSH5"
"3869","FAM188A"
"3870","LOC645513"
"3871","DRG2"
"3872","SPHAR"
"3873","GTSE1"
"3874","SLC39A5"
"3875","PHACTR4"
"3876","MEF2D"
"3877","ZNF786"
"3878","C16orf79"
"3879","SC5DL"
"3880","WDR72"
"3881","CRADD"
"3882","ZFP42"
"3883","WFIKKN1"
"3884","MED27"
"3885","SGK110"
"3886","ODF3L1"
"3887","DAZAP2"
"3888","YWHAH"
"3889","CEP350"
"3890","AHR"
"3891","EDEM1"
"3892","DYNLL2"
"3893","MCM10"
"3894","SRP72"
"3895","KIAA1598"
"3896","ESYT1"
"3897","C22orf13"
"3898","LOC100271836"
"3899","CALCRL"
"3900","PCDHB11"
"3901","PLEKHM1P"
"3902","SNRNP35"
"3903","LCE1C"
"3904","PIP5K1C"
"3905","ASPM"
"3906","MAPRE1"
"3907","ANKRD34A"
"3908","LOC390940"
"3909","LEMD2"
"3910","ADA"
"3911","C5orf28"
"3912","MMRN2"
"3913","LIPM"
"3914","GTF2H2"
"3915","WDR76"
"3916","NAV1"
"3917","ACADSB"
"3918","LPAR2"
"3919","ZNF383"
"3920","ATHL1"
"3921","PITPNB"
"3922","SHQ1"
"3923","EHMT2"
"3924","FAM98A"
"3925","LHX6"
"3926","SH2D1B"
"3927","TRPM6"
"3928","PCDHGA4"
"3929","FAM3C"
"3930","MBLAC1"
"3931","LOC100286844"
"3932","CXorf48"
"3933","AADACL2"
"3934","MRPS5"
"3935","THOC3"
"3936","RPP30"
"3937","APOC1"
"3938","LOC282997"
"3939","SNRNP70"
"3940","C3orf71"
"3941","RALGAPA2"
"3942","RAC3"
"3943","CTBS"
"3944","SAFB2"
"3945","PPP1R15B"
"3946","PSMB8"
"3947","HDAC3"
"3948","ATP6V0D2"
"3949","C17orf63"
"3950","ALCAM"
"3951","NBR2"
"3952","FBXW9"
"3953","CEP95"
"3954","RAMP2"
"3955","LY6G5B"
"3956","MAZ"
"3957","GBA2"
"3958","C19orf81"
"3959","RAD54L"
"3960","POLR2A"
"3961","MED15"
"3962","WBSCR27"
"3963","PCBD1"
"3964","PES1"
"3965","KCTD2"
"3966","SMARCAL1"
"3967","CMBL"
"3968","NFE2"
"3969","NCDN"
"3970","LOC401052"
"3971","MFSD10"
"3972","SH3BP2"
"3973","STAM2"
"3974","RBM12"
"3975","EEF1E1"
"3976","POU5F1B"
"3977","GLA"
"3978","DHRS12"
"3979","EIF3G"
"3980","FA2H"
"3981","HAS2"
"3982","CECR2"
"3983","MTRNR2L1"
"3984","C14orf55"
"3985","TFAP2B"
"3986","FANCM"
"3987","CAB39L"
"3988","SAMM50"
"3989","CCDC142"
"3990","TRUB1"
"3991","NOL8"
"3992","GTF3C4"
"3993","GGN"
"3994","CASP8AP2"
"3995","NS3BP"
"3996","ANKRD30BP2"
"3997","MDS2"
"3998","PCDHA1"
"3999","CRLF3"
"4000","FHL2"
"4001","PCDHGC3"
"4002","ZNF320"
"4003","ACOX2"
"4004","CLEC4M"
"4005","PTPLAD2"
"4006","RLF"
"4007","CRYBA2"
"4008","C11orf82"
"4009","DAND5"
"4010","CYP2D7P1"
"4011","UBIAD1"
"4012","FAH"
"4013","UBE2F"
"4014","CXCL16"
"4015","FOXP1"
"4016","C16orf71"
"4017","RPS15AP10"
"4018","DFNA5"
"4019","LOC286467"
"4020","MARCH2"
"4021","HEXIM2"
"4022","H1FNT"
"4023","PI4KAP2"
"4024","ZFP106"
"4025","NT5C3L"
"4026","GFER"
"4027","SLC39A7"
"4028","JARID2"
"4029","C8orf58"
"4030","PRPSAP2"
"4031","DUSP5P"
"4032","WDR3"
"4033","CRLS1"
"4034","NCL"
"4035","TMEM62"
"4036","MANBA"
"4037","ADD3"
"4038","YY1AP1"
"4039","RAB2B"
"4040","RAD9A"
"4041","NPIP"
"4042","SPDYE5"
"4043","CNNM4"
"4044","RAI1"
"4045","ZUFSP"
"4046","TACC3"
"4047","XAB2"
"4048","SPIN3"
"4049","ACVR1B"
"4050","ZNF571"
"4051","IL10RB"
"4052","KIAA0494"
"4053","POMT2"
"4054","LOC100287042"
"4055","RPS24"
"4056","LEKR1"
"4057","ZNF26"
"4058","ALKBH4"
"4059","TMEM167A"
"4060","TYW1B"
"4061","CPEB2"
"4062","THSD4"
"4063","ADAM33"
"4064","ZFAT"
"4065","CBX3P2"
"4066","C8orf33"
"4067","MCM5"
"4068","SCYL2"
"4069","B4GALT7"
"4070","IL17A"
"4071","KANK2"
"4072","NSUN5P1"
"4073","FMO5"
"4074","ACADS"
"4075","LRRC69"
"4076","PRR24"
"4077","C2orf65"
"4078","SMU1"
"4079","PGPEP1L"
"4080","BAZ2B"
"4081","LGMN"
"4082","CCDC43"
"4083","ASAP3"
"4084","CRIPAK"
"4085","ECHDC3"
"4086","RPS9"
"4087","TIGD1"
"4088","HNRNPM"
"4089","PGBD4"
"4090","NAA38"
"4091","ANXA7"
"4092","ZCCHC10"
"4093","LOC100287765"
"4094","FAM53A"
"4095","CCDC117"
"4096","PLIN2"
"4097","FAM175B"
"4098","EPHA10"
"4099","RARS"
"4100","TXNL1"
"4101","RCVRN"
"4102","SUDS3"
"4103","GSTCD"
"4104","CIDEA"
"4105","TMEM135"
"4106","TRIM13"
"4107","LOC284080"
"4108","LOC100506930"
"4109","CCDC90A"
"4110","EIF3M"
"4111","ERCC6L"
"4112","KIAA1530"
"4113","MYO9A"
"4114","ACRBP"
"4115","DUXA"
"4116","PPM1D"
"4117","ZNF442"
"4118","DDX39B"
"4119","SKIV2L2"
"4120","AFF2"
"4121","ARMC7"
"4122","OAT"
"4123","GNE"
"4124","SLC22A31"
"4125","NOP14"
"4126","TSLP"
"4127","WARS"
"4128","PEMT"
"4129","TBC1D15"
"4130","C19orf45"
"4131","DKFZP434A062"
"4132","RBM42"
"4133","AP3B1"
"4134","HTRA4"
"4135","RWDD3"
"4136","DDTL"
"4137","DPP6"
"4138","LGI4"
"4139","METTL4"
"4140","PSMD11"
"4141","EPT1"
"4142","HAGH"
"4143","PER3"
"4144","RBKS"
"4145","CCL28"
"4146","SNAPC5"
"4147","VPRBP"
"4148","PEX1"
"4149","ARG1"
"4150","PCSK5"
"4151","GPAT2"
"4152","C7orf13"
"4153","RRAS2"
"4154","LMNB1"
"4155","AEBP2"
"4156","FIGNL1"
"4157","EXPH5"
"4158","JPX"
"4159","HARS"
"4160","UBP1"
"4161","TMEM185B"
"4162","SMC3"
"4163","IGF1R"
"4164","RND1"
"4165","POLG"
"4166","PTENP1"
"4167","MUM1"
"4168","LAMP3"
"4169","GAPVD1"
"4170","MFSD6L"
"4171","NEK8"
"4172","AQP11"
"4173","FMO1"
"4174","ZSWIM1"
"4175","MRAP2"
"4176","PDHA1"
"4177","LRRC37A"
"4178","JMJD7-PLA2G4B"
"4179","RAB32"
"4180","SLC35A4"
"4181","LRRC45"
"4182","MBOAT7"
"4183","MX2"
"4184","IRF2BPL"
"4185","MDK"
"4186","LOC284100"
"4187","ASAH2"
"4188","WDR49"
"4189","MEG3"
"4190","MED21"
"4191","EFR3A"
"4192","BLOC1S3"
"4193","PON2"
"4194","PIK3CB"
"4195","WDR91"
"4196","TCTEX1D1"
"4197","PANK1"
"4198","FAM127A"
"4199","C3orf33"
"4200","DTNBP1"
"4201","AES"
"4202","CXCL6"
"4203","ABCG4"
"4204","PCDHGA9"
"4205","GHRLOS"
"4206","CKAP2L"
"4207","DCTN1"
"4208","TYMP"
"4209","FBXO31"
"4210","ZMYND12"
"4211","TMEM22"
"4212","YME1L1"
"4213","SGSM3"
"4214","BAZ1B"
"4215","LOC401320"
"4216","CYP4F35P"
"4217","MYBPC3"
"4218","UTS2"
"4219","RPL27A"
"4220","RASL11B"
"4221","DNASE1L1"
"4222","RAB40A"
"4223","ASH2L"
"4224","RNASE1"
"4225","C1orf61"
"4226","HMGCS2"
"4227","SLC25A34"
"4228","KIAA0907"
"4229","LOC100507423"
"4230","FGD4"
"4231","SCN8A"
"4232","RBM4"
"4233","DDX19B"
"4234","CXCR1"
"4235","PTCD3"
"4236","RASL10A"
"4237","RYR2"
"4238","FLOT1"
"4239","YPEL4"
"4240","GRINA"
"4241","CD164"
"4242","LIN37"
"4243","PTTG1"
"4244","CD1B"
"4245","TMCO4"
"4246","SLC9A10"
"4247","ASB7"
"4248","CARD17"
"4249","SLC9A3R2"
"4250","SNX7"
"4251","IQCG"
"4252","MUCL1"
"4253","GGNBP2"
"4254","RORC"
"4255","UBA3"
"4256","MIR600HG"
"4257","HMGB2"
"4258","GREM1"
"4259","LARP7"
"4260","ABCE1"
"4261","MIA3"
"4262","DCTN2"
"4263","PRKAA1"
"4264","C1orf63"
"4265","ALPPL2"
"4266","GBX2"
"4267","EIF2B1"
"4268","RELA"
"4269","ERLIN2"
"4270","YBX2"
"4271","PSMB6"
"4272","C11orf51"
"4273","LOC91450"
"4274","SETD1B"
"4275","DNAJB14"
"4276","CCDC99"
"4277","RSL1D1"
"4278","DLD"
"4279","SEC61B"
"4280","C2orf15"
"4281","C2orf49"
"4282","MOCS1"
"4283","AP3S2"
"4284","PRMT3"
"4285","CCDC28A"
"4286","TOPORS"
"4287","STK11"
"4288","DOK4"
"4289","LOC100288123"
"4290","BHLHB9"
"4291","C12orf70"
"4292","NPLOC4"
"4293","DCDC2B"
"4294","CNTNAP4"
"4295","MYH7"
"4296","SCARNA9"
"4297","NOP2"
"4298","THEG"
"4299","DDX20"
"4300","PLEKHM2"
"4301","DNAJC5B"
"4302","LOC389493"
"4303","METTL22"
"4304","CATSPER1"
"4305","C14orf159"
"4306","CRTAP"
"4307","GOLGA6C"
"4308","EGF"
"4309","DHFR"
"4310","C12orf49"
"4311","IPO11"
"4312","SKA3"
"4313","DDX52"
"4314","TPCN1"
"4315","MRPL51"
"4316","SOX2"
"4317","DCLRE1B"
"4318","LOC440944"
"4319","DUSP6"
"4320","ZNF655"
"4321","NRM"
"4322","ERCC2"
"4323","METTL21CP1"
"4324","NGFRAP1"
"4325","HEATR8-TTC4"
"4326","PSMC3"
"4327","PMP2"
"4328","MND1"
"4329","COMMD5"
"4330","C19orf29"
"4331","WIPI1"
"4332","ZDHHC15"
"4333","C5orf51"
"4334","C9orf9"
"4335","C2CD4B"
"4336","RIBC2"
"4337","TNIP2"
"4338","KIAA0040"
"4339","FAM203A"
"4340","STC2"
"4341","H1FX"
"4342","RPS14"
"4343","PMF1-BGLAP"
"4344","TMEM216"
"4345","SDF2L1"
"4346","TMEM199"
"4347","LOC388692"
"4348","ASB6"
"4349","NOSIP"
"4350","INTS12"
"4351","NUDT12"
"4352","C18orf25"
"4353","SCN3B"
"4354","MZF1"
"4355","HDLBP"
"4356","LLPH"
"4357","TMEM92"
"4358","NKX2-2"
"4359","CCR10"
"4360","HTN1"
"4361","SNX12"
"4362","INCENP"
"4363","DDX53"
"4364","SLC9A9"
"4365","ACCN1"
"4366","CNDP2"
"4367","IRF3"
"4368","ANKS3"
"4369","LOC732275"
"4370","PCDHGC5"
"4371","ADH1C"
"4372","ZFP41"
"4373","KGFLP1"
"4374","SCRN2"
"4375","SCARNA17"
"4376","COG6"
"4377","LOC728190"
"4378","KCNH4"
"4379","MEF2A"
"4380","HMGN5"
"4381","MB"
"4382","ARL4A"
"4383","BLK"
"4384","MBTPS1"
"4385","PRR22"
"4386","MAGEB2"
"4387","UGT2A1"
"4388","EXOC6"
"4389","URM1"
"4390","FKBP15"
"4391","TLK2"
"4392","IL1B"
"4393","EXOC5"
"4394","FLJ42280"
"4395","WASF2"
"4396","CPSF1"
"4397","DNASE1"
"4398","INTS4L1"
"4399","KDM4C"
"4400","IKBKG"
"4401","ASPN"
"4402","MORN3"
"4403","SUV39H2"
"4404","NOTUM"
"4405","LILRB5"
"4406","SYK"
"4407","MSR1"
"4408","PUS1"
"4409","SDS"
"4410","RAP1B"
"4411","ZNF675"
"4412","HAUS8"
"4413","SBK1"
"4414","ARMC3"
"4415","RPL17"
"4416","NPNT"
"4417","NKTR"
"4418","TRMU"
"4419","SSBP2"
"4420","MMP28"
"4421","KLHDC10"
"4422","SUV420H2"
"4423","SART1"
"4424","DHRS7B"
"4425","LOC157381"
"4426","IL22RA1"
"4427","TMEM87B"
"4428","MARCO"
"4429","SBNO2"
"4430","CCNB3"
"4431","ST7"
"4432","GNL3L"
"4433","ZNF574"
"4434","ADORA3"
"4435","MOV10"
"4436","DIRAS3"
"4437","EIF2C4"
"4438","ZNF197"
"4439","C10orf95"
"4440","SEPN1"
"4441","GGPS1"
"4442","CCHCR1"
"4443","FBXO40"
"4444","LOC728730"
"4445","WEE1"
"4446","RYBP"
"4447","RPAIN"
"4448","KCTD6"
"4449","TMEM45A"
"4450","FLJ33065"
"4451","ANKRD26"
"4452","TMEM183A"
"4453","TAOK3"
"4454","COCH"
"4455","NHLRC1"
"4456","TUBGCP4"
"4457","SYN2"
"4458","FAM159A"
"4459","PDXK"
"4460","TLR2"
"4461","DMXL2"
"4462","UBE2R2"
"4463","PLXNB3"
"4464","ARHGDIG"
"4465","MED7"
"4466","GSTT1"
"4467","MAPKAP1"
"4468","LUZP1"
"4469","LPIN3"
"4470","C8orf12"
"4471","TIMM17B"
"4472","XYLB"
"4473","NDN"
"4474","RPS4Y1"
"4475","UQCRB"
"4476","UBR3"
"4477","ESCO1"
"4478","SMS"
"4479","CDCA5"
"4480","OCIAD1"
"4481","C20orf194"
"4482","MAP2K7"
"4483","C12orf74"
"4484","FLJ45340"
"4485","RIOK2"
"4486","ADPRHL1"
"4487","HOXA4"
"4488","LOC644714"
"4489","HADHA"
"4490","FEM1C"
"4491","FAM129C"
"4492","FUT11"
"4493","COG5"
"4494","CCDC127"
"4495","EDEM2"
"4496","PTGER3"
"4497","LACTB"
"4498","CSNK2A1P"
"4499","SETD4"
"4500","ZNF133"
"4501","SF3A2"
"4502","ATP2B1"
"4503","RAB7L1"
"4504","MEI1"
"4505","AFAP1-AS1"
"4506","LOC653513"
"4507","SUPT5H"
"4508","CRBN"
"4509","PHYH"
"4510","C20orf118"
"4511","ITGA2"
"4512","C20orf166-AS1"
"4513","ATG16L1"
"4514","FLNC"
"4515","PRDM1"
"4516","FMO9P"
"4517","NBPF10"
"4518","MAP6D1"
"4519","MUC6"
"4520","ATF4"
"4521","MEN1"
"4522","LOC200772"
"4523","KIF20B"
"4524","ZNF790"
"4525","UGCG"
"4526","ZNF845"
"4527","PNPLA4"
"4528","DNAJC7"
"4529","SEH1L"
"4530","TMED8"
"4531","GPATCH1"
"4532","HEATR2"
"4533","GCC1"
"4534","MGC12916"
"4535","PNPLA7"
"4536","TADA2B"
"4537","WNT10A"
"4538","NPBWR1"
"4539","STRA6"
"4540","OSCAR"
"4541","SCAP"
"4542","HLA-DRB5"
"4543","MGMT"
"4544","ACTR2"
"4545","TPBG"
"4546","ABCA1"
"4547","UBE2W"
"4548","KRT77"
"4549","OR52N4"
"4550","UBE2O"
"4551","MTCP1NB"
"4552","C3orf55"
"4553","RCL1"
"4554","RPLP2"
"4555","NYAP1"
"4556","TLX2"
"4557","FLJ35776"
"4558","EFHA1"
"4559","FLJ35390"
"4560","UBQLN2"
"4561","TAF9B"
"4562","LOC729852"
"4563","USP19"
"4564","ZNF335"
"4565","PSMD3"
"4566","MAP3K11"
"4567","DHX8"
"4568","KLF1"
"4569","TEX10"
"4570","H2BFWT"
"4571","PYCR1"
"4572","ALDH5A1"
"4573","CLYBL"
"4574","MCM3AP-AS1"
"4575","C9orf78"
"4576","LINC00284"
"4577","TCP1"
"4578","CITED1"
"4579","MTO1"
"4580","PABPC1L"
"4581","MLLT6"
"4582","CLDN15"
"4583","GABRR1"
"4584","ZNF628"
"4585","CCRL1"
"4586","ISG20"
"4587","LOC100507034"
"4588","KRT42P"
"4589","WNT7B"
"4590","ECHDC2"
"4591","MAGEB6"
"4592","HK3"
"4593","GPNMB"
"4594","TMEM161A"
"4595","PNPLA6"
"4596","IKZF5"
"4597","S100A4"
"4598","TMEM214"
"4599","RPS6KA1"
"4600","CLCN6"
"4601","HERC3"
"4602","HMBS"
"4603","MTF2"
"4604","AP4B1"
"4605","TM2D2"
"4606","C2CD4D"
"4607","RACGAP1"
"4608","SHISA9"
"4609","PIGY"
"4610","NPSR1"
"4611","UNC13D"
"4612","UGT1A1"
"4613","WFDC5"
"4614","ARMC6"
"4615","PNO1"
"4616","NASP"
"4617","GLTSCR1"
"4618","LY6G6F"
"4619","DNAAF2"
"4620","KLF7"
"4621","HSPA2"
"4622","AGMAT"
"4623","FAM127C"
"4624","C9orf80"
"4625","NR4A1"
"4626","LOC284889"
"4627","RPL39"
"4628","ANK3"
"4629","USP39"
"4630","UPF1"
"4631","MRI1"
"4632","ECD"
"4633","C1orf109"
"4634","FKBP14"
"4635","CNPY2"
"4636","ARL16"
"4637","UHRF1BP1"
"4638","PI4KB"
"4639","LOC285205"
"4640","ITGB5"
"4641","HAR1A"
"4642","ENKUR"
"4643","FAM207A"
"4644","OCIAD2"
"4645","TEX11"
"4646","AKIRIN2-AS1"
"4647","SMC5"
"4648","C2CD2L"
"4649","SPDYE6"
"4650","ZNF487P"
"4651","MYO9B"
"4652","KCNQ1"
"4653","RMI2"
"4654","TMEM127"
"4655","BCL3"
"4656","DLEC1"
"4657","DUS3L"
"4658","LOC100506314"
"4659","GON4L"
"4660","LPHN1"
"4661","ABCA5"
"4662","CA6"
"4663","ALG14"
"4664","SOST"
"4665","GAD2"
"4666","GPR144"
"4667","DAD1"
"4668","NEURL2"
"4669","VWF"
"4670","KCNN3"
"4671","CCNA1"
"4672","ASB10"
"4673","ACYP2"
"4674","TMUB2"
"4675","CAPG"
"4676","C22orf40"
"4677","RFX2"
"4678","CPEB1"
"4679","DALRD3"
"4680","RPS6KA3"
"4681","NLRP2"
"4682","AURKC"
"4683","MAN2A2"
"4684","ZCCHC7"
"4685","PARP3"
"4686","LSP1"
"4687","CDC7"
"4688","CSAG1"
"4689","PJA2"
"4690","PAK4"
"4691","PANK4"
"4692","LOC220906"
"4693","SKA2"
"4694","DCAF8"
"4695","SVIL"
"4696","ZNF707"
"4697","NR1D2"
"4698","UBE3D"
"4699","FOXJ3"
"4700","CHST7"
"4701","RPE65"
"4702","HSP90AB2P"
"4703","SVEP1"
"4704","IDE"
"4705","LOC100130890"
"4706","MOAP1"
"4707","RLN2"
"4708","CBFA2T3"
"4709","GNA14"
"4710","SYNE2"
"4711","FLJ43879"
"4712","STK25"
"4713","ZBTB9"
"4714","FCRL4"
"4715","IL11"
"4716","CEBPE"
"4717","RPS5"
"4718","LRRC6"
"4719","FOXD1"
"4720","TCIRG1"
"4721","XAF1"
"4722","KRT15"
"4723","LRPPRC"
"4724","WDR44"
"4725","PIK3R3"
"4726","FSCN1"
"4727","CHD2"
"4728","ABHD14A"
"4729","PML"
"4730","MIER1"
"4731","BEX4"
"4732","C6orf57"
"4733","ZNF75A"
"4734","AHSA2"
"4735","MYLIP"
"4736","LOC100129046"
"4737","LOC650368"
"4738","GPR111"
"4739","CDK12"
"4740","P2RX5-TAX1BP3"
"4741","FADD"
"4742","EDF1"
"4743","HLA-L"
"4744","LOC100507632"
"4745","CLASP2"
"4746","SFT2D2"
"4747","ZFP91"
"4748","CXCL14"
"4749","SLC2A4"
"4750","MKL2"
"4751","SEPT3"
"4752","FBF1"
"4753","NR4A3"
"4754","DDX60"
"4755","COIL"
"4756","IL26"
"4757","FCRL2"
"4758","TNRC6A"
"4759","PPPDE1"
"4760","ZNFX1"
"4761","GAS5"
"4762","MATN3"
"4763","MOV10L1"
"4764","FAM43A"
"4765","GOLPH3"
"4766","FANCI"
"4767","SYCE3"
"4768","AGPAT5"
"4769","PRELID1"
"4770","CLK1"
"4771","FBXO38"
"4772","RPL34"
"4773","GRID2IP"
"4774","C16orf58"
"4775","NDUFA1"
"4776","PEPD"
"4777","CNN1"
"4778","TLN2"
"4779","BAZ2A"
"4780","PACS1"
"4781","SOX2-OT"
"4782","GLG1"
"4783","CSNK1G2"
"4784","PIK3R2"
"4785","USP14"
"4786","RSU1"
"4787","EXTL3"
"4788","NSMAF"
"4789","TREX2"
"4790","HLF"
"4791","CPZ"
"4792","ZNFX1-AS1"
"4793","BMP1"
"4794","CPT1B"
"4795","VARS"
"4796","LOC100134368"
"4797","SIGIRR"
"4798","HMGB3"
"4799","ABCA2"
"4800","QRSL1"
"4801","ORC4"
"4802","DLL3"
"4803","LOC219347"
"4804","PGBD3"
"4805","FBXL4"
"4806","FBLN7"
"4807","WDR52"
"4808","SOWAHC"
"4809","PRORSD1P"
"4810","NHLRC2"
"4811","SYP"
"4812","ARSD"
"4813","MFSD12"
"4814","RIPK1"
"4815","CAPN10"
"4816","ATXN7L2"
"4817","C18orf8"
"4818","SAMD15"
"4819","TRMT12"
"4820","LILRA3"
"4821","ZSCAN20"
"4822","ALPK3"
"4823","DMXL1"
"4824","TUT1"
"4825","KLHL24"
"4826","KIAA0090"
"4827","SLC1A1"
"4828","TRAPPC8"
"4829","PCBP4"
"4830","HABP2"
"4831","DDC"
"4832","OSMR"
"4833","PEX3"
"4834","NLRP6"
"4835","TMEM18"
"4836","RP9P"
"4837","SLC25A4"
"4838","KIAA1199"
"4839","ZNF777"
"4840","MRPL23-AS1"
"4841","SLC25A3"
"4842","EGLN2"
"4843","ZNF619"
"4844","FRMD6-AS1"
"4845","SRC"
"4846","RIMS4"
"4847","C4orf49"
"4848","TPTE2"
"4849","CCDC84"
"4850","CD82"
"4851","ARHGAP5"
"4852","SMPD3"
"4853","GDI2"
"4854","TK1"
"4855","CCDC78"
"4856","SDC4"
"4857","TMED7"
"4858","CEP152"
"4859","RPL7A"
"4860","WDHD1"
"4861","TAF6"
"4862","STX11"
"4863","OSTCP1"
"4864","SERINC3"
"4865","KIR3DL1"
"4866","MBP"
"4867","ALDH1L1"
"4868","LMBRD2"
"4869","SLC22A14"
"4870","HSPB6"
"4871","HSPH1"
"4872","RN45S"
"4873","TDRD12"
"4874","LINC00260"
"4875","PPTC7"
"4876","OTUD7A"
"4877","SRSF7"
"4878","FAM82B"
"4879","GINS1"
"4880","NDUFS4"
"4881","SMTNL1"
"4882","ACTR1B"
"4883","RAB11FIP5"
"4884","UNG"
"4885","TTL"
"4886","DMPK"
"4887","GRM6"
"4888","SDF4"
"4889","ATP6V1C1"
"4890","CORO7"
"4891","RYR1"
"4892","KCNJ16"
"4893","TANC2"
"4894","CBS"
"4895","TBC1D22A"
"4896","IFT43"
"4897","SMPD4"
"4898","KIAA1324L"
"4899","EIF3D"
"4900","BTF3"
"4901","SLC7A5P1"
"4902","KIAA0586"
"4903","RBBP5"
"4904","TAF6L"
"4905","AMIGO1"
"4906","DUSP14"
"4907","TAS2R20"
"4908","NXF1"
"4909","TOR1AIP1"
"4910","TAOK2"
"4911","CPSF7"
"4912","TTC14"
"4913","LINC00514"
"4914","CDKN2B-AS1"
"4915","PRKAR2A"
"4916","HOGA1"
"4917","SFTPD"
"4918","MYBBP1A"
"4919","GP6"
"4920","OXR1"
"4921","FOXA1"
"4922","ECHDC1"
"4923","LLGL1"
"4924","UBE2A"
"4925","SNHG3"
"4926","ARHGAP35"
"4927","SLC36A4"
"4928","BREA2"
"4929","B7H6"
"4930","LOC646329"
"4931","GSK3A"
"4932","ST6GALNAC4"
"4933","LOC100188947"
"4934","ASGR1"
"4935","PPP1R3E"
"4936","PRDX3"
"4937","ZNF28"
"4938","EYA1"
"4939","SYMPK"
"4940","PACSIN2"
"4941","PWP1"
"4942","FBXO11"
"4943","DDN"
"4944","CA8"
"4945","EIF2C3"
"4946","LOC100130673"
"4947","TRIM46"
"4948","LOC257396"
"4949","AURKB"
"4950","APOBEC3B"
"4951","FLJ42351"
"4952","MLLT1"
"4953","EFNA5"
"4954","KIN"
"4955","PELP1"
"4956","ABTB1"
"4957","PPIE"
"4958","PI4KAP1"
"4959","LOC399815"
"4960","SLC24A2"
"4961","SPATA24"
"4962","ANKK1"
"4963","UBA1"
"4964","TMEM106B"
"4965","LOC100272217"
"4966","TIGD6"
"4967","COPA"
"4968","IRAK1"
"4969","PARP4"
"4970","PSME4"
"4971","UPF2"
"4972","MYOM2"
"4973","AADACL3"
"4974","AWAT1"
"4975","C8A"
"4976","CGB8"
"4977","COX7B2"
"4978","CXorf27"
"4979","DPPA2"
"4980","IL1RAPL2"
"4981","IZUMO2"
"4982","LCE2A"
"4983","LCE6A"
"4984","LINC00477"
"4985","LOC100507651"
"4986","LOC153469"
"4987","LOC646736"
"4988","LOC727677"
"4989","LOC731779"
"4990","OR4N2"
"4991","OR5V1"
"4992","OTOS"
"4993","R3HDML"
"4994","REG1A"
"4995","SERTM1"
"4996","SFTA3"
"4997","SLCO1B1"
"4998","SPANXE"
"4999","TAG"
"5000","TYR"
